InvoiceID,City,CustomerType,Gender,ProductLine,UnitPrice,Quantity,Tax,TotalPrice,Date,Revenue,COGS
OLI-CLO-005,Olinger,Member,Male,Clothing,48.71,1,2.44,51.15,3/26/2019,48.71,45.96
OLI-CLO-006,Olinger,Normal,Male,Clothing,78.55,9,35.35,742.3,3/1/2019,706.95,690.66
OLI-ELE-009,Olinger,Normal,Female,Electronics,23.07,9,10.38,218.01,2/1/2019,207.63,200.86
CAR-FBV-006,Carbon Creek,Normal,Male,Food and beverages,58.26,6,17.48,367.04,3/28/2019,349.56,336.31
GRC-HBE-006,Greene City,Normal,Male,Health and beauty,30.35,7,10.62,223.07,3/19/2019,212.45,206.67
CAR-ELE-006,Carbon Creek,Member,Male,Electronics,88.67,10,44.34,931.04,1/12/2019,886.7,847.41
OLI-CLO-007,Olinger,Normal,Male,Clothing,27.38,6,8.21,172.49,1/5/2019,164.28,157.43
CAR-STR-009,Carbon Creek,Normal,Male,Sports and travel,62.13,6,18.64,391.42,3/22/2019,372.78,362.2
OLI-FBV-008,Olinger,Normal,Female,Food and beverages,33.98,9,15.29,321.11,3/24/2019,305.82,292.96
OLI-ELE-010,Olinger,Member,Male,Electronics,81.97,10,40.99,860.69,3/3/2019,819.7,797.66
GRC-STR-006,Greene City,Member,Female,Sports and travel,16.49,2,1.65,34.63,2/5/2019,32.98,31.55
OLI-HBE-006,Olinger,Member,Female,Health and beauty,98.21,3,14.73,309.36,2/5/2019,294.63,281.95
GRC-CLO-006,Greene City,Normal,Female,Clothing,72.84,7,25.49,535.37,2/15/2019,509.88,495.11
CAR-HML-005,Carbon Creek,Member,Male,Home and lifestyle,58.07,9,26.13,548.76,1/19/2019,522.63,503.04
OLI-HML-005,Olinger,Member,Female,Home and lifestyle,80.79,9,36.36,763.47,2/1/2019,727.11,707.2
OLI-CLO-008,Olinger,Normal,Female,Clothing,27.02,3,4.05,85.11,3/2/2019,81.06,79.1
GRC-CLO-007,Greene City,Member,Male,Clothing,21.94,5,5.49,115.19,3/5/2019,109.7,103.54
GRC-CLO-008,Greene City,Member,Male,Clothing,51.36,1,2.57,53.93,1/16/2019,51.36,48.55
CAR-FBV-007,Carbon Creek,Normal,Female,Food and beverages,10.96,10,5.48,115.08,2/2/2019,109.6,107.06
GRC-HML-007,Greene City,Normal,Male,Home and lifestyle,53.44,2,5.34,112.22,1/20/2019,106.88,103.29
CAR-ELE-007,Carbon Creek,Normal,Female,Electronics,99.56,8,39.82,836.3,2/14/2019,796.48,777.04
OLI-STR-006,Olinger,Member,Male,Sports and travel,57.12,7,19.99,419.83,1/12/2019,399.84,383.02
GRC-STR-007,Greene City,Member,Male,Sports and travel,99.96,9,44.98,944.62,3/9/2019,899.64,880.06
OLI-HML-006,Olinger,Member,Male,Home and lifestyle,63.91,8,25.56,536.84,3/13/2019,511.28,488.9
GRC-CLO-009,Greene City,Member,Female,Clothing,56.47,8,22.59,474.35,3/9/2019,451.76,442.14
CAR-HML-006,Carbon Creek,Normal,Female,Home and lifestyle,93.69,7,32.79,688.62,3/10/2019,655.83,624.9
CAR-STR-010,Carbon Creek,Normal,Female,Sports and travel,32.25,5,8.06,169.31,1/27/2019,161.25,158.03
OLI-CLO-009,Olinger,Normal,Female,Clothing,31.73,9,14.28,299.85,1/8/2019,285.57,269.62
OLI-FBV-009,Olinger,Member,Female,Food and beverages,68.54,8,27.42,575.74,1/8/2019,548.32,517.34
GRC-STR-008,Greene City,Normal,Female,Sports and travel,90.28,9,40.63,853.15,2/8/2019,812.52,784.24
GRC-CLO-010,Greene City,Normal,Female,Clothing,39.62,7,13.87,291.21,1/25/2019,277.34,265.18
CAR-STR-011,Carbon Creek,Member,Female,Sports and travel,92.13,6,27.64,580.42,3/6/2019,552.78,528.41
GRC-STR-009,Greene City,Normal,Female,Sports and travel,34.84,4,6.97,146.33,2/10/2019,139.36,133.83
GRC-ELE-004,Greene City,Member,Male,Electronics,87.45,6,26.24,550.94,2/17/2019,524.7,506.51
OLI-HBE-007,Olinger,Normal,Female,Health and beauty,81.3,6,24.39,512.19,3/8/2019,487.8,466.59
OLI-CLO-010,Olinger,Normal,Male,Clothing,90.22,3,13.53,284.19,2/18/2019,270.66,259.25
CAR-ELE-008,Carbon Creek,Normal,Female,Electronics,26.31,5,6.58,138.13,1/18/2019,131.55,128.38
CAR-HML-007,Carbon Creek,Member,Female,Home and lifestyle,34.42,6,10.33,216.85,2/18/2019,206.52,196.58
GRC-STR-010,Greene City,Normal,Male,Sports and travel,51.91,10,25.96,545.06,2/16/2019,519.1,504.03
CAR-STR-012,Carbon Creek,Normal,Male,Sports and travel,72.5,8,29,609,3/16/2019,580,555.32
OLI-STR-007,Olinger,Member,Female,Sports and travel,89.8,10,44.9,942.9,1/23/2019,898,855.14
OLI-HBE-008,Olinger,Member,Male,Health and beauty,90.5,10,45.25,950.25,1/25/2019,905,855.08
OLI-HBE-009,Olinger,Member,Female,Health and beauty,68.6,10,34.3,720.3,2/5/2019,686,662.83
OLI-FBV-010,Olinger,Member,Female,Food and beverages,30.41,1,1.52,31.93,2/22/2019,30.41,28.97
CAR-HML-008,Carbon Creek,Normal,Female,Home and lifestyle,77.95,6,23.39,491.09,1/21/2019,467.7,447.29
OLI-HBE-010,Olinger,Normal,Female,Health and beauty,46.26,6,13.88,291.44,3/8/2019,277.56,267.93
CAR-CLO-003,Carbon Creek,Member,Female,Clothing,30.14,10,15.07,316.47,2/10/2019,301.4,284.76
OLI-HBE-011,Olinger,Normal,Male,Health and beauty,66.14,4,13.23,277.79,3/19/2019,264.56,254.33
GRC-HML-008,Greene City,Member,Male,Home and lifestyle,71.86,8,28.74,603.62,3/6/2019,574.88,557.92
CAR-HBE-011,Carbon Creek,Normal,Male,Health and beauty,32.46,8,12.98,272.66,3/27/2019,259.68,251.97
GRC-CLO-011,Greene City,Member,Female,Clothing,91.54,4,18.31,384.47,3/23/2019,366.16,345.71
OLI-STR-008,Olinger,Member,Male,Sports and travel,34.56,7,12.1,254.02,3/11/2019,241.92,232.1
CAR-CLO-004,Carbon Creek,Normal,Male,Clothing,83.24,9,37.46,786.62,1/29/2019,749.16,709.6
OLI-FBV-011,Olinger,Normal,Female,Food and beverages,16.48,6,4.94,103.82,2/7/2019,98.88,93.53
OLI-STR-009,Olinger,Normal,Female,Sports and travel,80.97,8,32.39,680.15,1/28/2019,647.76,621.26
CAR-FBV-008,Carbon Creek,Member,Male,Food and beverages,92.29,5,23.07,484.52,2/20/2019,461.45,445.41
GRC-ELE-005,Greene City,Member,Male,Electronics,72.17,1,3.61,75.78,1/4/2019,72.17,70.13
GRC-HML-009,Greene City,Normal,Male,Home and lifestyle,50.28,5,12.57,263.97,3/7/2019,251.4,243.8
GRC-HBE-007,Greene City,Member,Male,Health and beauty,97.22,9,43.75,918.73,3/30/2019,874.98,825.91
GRC-STR-011,Greene City,Normal,Male,Sports and travel,93.39,6,28.02,588.36,3/27/2019,560.34,538.89
OLI-FBV-012,Olinger,Normal,Female,Food and beverages,43.18,8,17.27,362.71,1/19/2019,345.44,330.58
CAR-STR-013,Carbon Creek,Normal,Male,Sports and travel,63.69,1,3.18,66.87,2/25/2019,63.69,60.53
CAR-FBV-009,Carbon Creek,Normal,Male,Food and beverages,45.79,7,16.03,336.56,3/13/2019,320.53,303.78
OLI-STR-010,Olinger,Normal,Male,Sports and travel,76.4,2,7.64,160.44,1/30/2019,152.8,149.76
GRC-FBV-006,Greene City,Normal,Male,Food and beverages,39.9,10,19.95,418.95,2/20/2019,399,380.07
GRC-HBE-008,Greene City,Member,Male,Health and beauty,42.57,8,17.03,357.59,2/25/2019,340.56,332.22
OLI-HML-007,Olinger,Normal,Male,Home and lifestyle,95.58,10,47.79,1003.59,1/16/2019,955.8,929.74
CAR-CLO-005,Carbon Creek,Normal,Male,Clothing,98.98,10,49.49,1039.29,2/8/2019,989.8,955.9
CAR-FBV-010,Carbon Creek,Normal,Male,Food and beverages,51.28,6,15.38,323.06,1/19/2019,307.68,291.52
CAR-STR-014,Carbon Creek,Member,Male,Sports and travel,69.52,7,24.33,510.97,2/1/2019,486.64,465.9
CAR-HBE-012,Carbon Creek,Normal,Male,Health and beauty,70.01,5,17.5,367.55,1/3/2019,350.05,331.46
GRC-FBV-007,Greene City,Member,Male,Food and beverages,80.05,5,20.01,420.26,1/26/2019,400.25,388.44
OLI-ELE-011,Olinger,Normal,Male,Electronics,20.85,8,8.34,175.14,3/3/2019,166.8,162.67
GRC-ELE-006,Greene City,Member,Male,Electronics,52.89,6,15.87,333.21,1/19/2019,317.34,299.77
GRC-FBV-008,Greene City,Normal,Male,Food and beverages,19.79,8,7.92,166.24,1/18/2019,158.32,154.26
CAR-HML-009,Carbon Creek,Member,Male,Home and lifestyle,33.84,9,15.23,319.79,3/21/2019,304.56,289.3
CAR-FBV-011,Carbon Creek,Member,Male,Food and beverages,22.17,8,8.87,186.23,3/3/2019,177.36,169.38
OLI-CLO-011,Olinger,Normal,Female,Clothing,22.51,7,7.88,165.45,2/13/2019,157.57,149.29
CAR-FBV-012,Carbon Creek,Normal,Male,Food and beverages,73.88,6,22.16,465.44,3/23/2019,443.28,433.78
OLI-HBE-012,Olinger,Member,Male,Health and beauty,86.8,3,13.02,273.42,1/28/2019,260.4,251.63
OLI-CLO-012,Olinger,Normal,Male,Clothing,64.26,7,22.49,472.31,2/9/2019,449.82,435.81
OLI-FBV-013,Olinger,Member,Male,Food and beverages,38.47,8,15.39,323.15,1/23/2019,307.76,300.13
CAR-STR-015,Carbon Creek,Member,Male,Sports and travel,15.5,10,7.75,162.75,3/23/2019,155,146.35
OLI-HBE-013,Olinger,Normal,Male,Health and beauty,34.31,8,13.72,288.2,1/25/2019,274.48,264.99
CAR-STR-016,Carbon Creek,Normal,Female,Sports and travel,12.34,7,4.32,90.7,3/4/2019,86.38,83.59
GRC-FBV-009,Greene City,Member,Male,Food and beverages,18.08,3,2.71,56.95,3/5/2019,54.24,52.87
GRC-HML-010,Greene City,Member,Female,Home and lifestyle,94.49,8,37.8,793.72,3/3/2019,755.92,722.95
GRC-HML-011,Greene City,Member,Male,Home and lifestyle,46.47,4,9.29,195.17,2/8/2019,185.88,181.68
CAR-HML-010,Carbon Creek,Normal,Male,Home and lifestyle,74.07,1,3.7,77.77,2/10/2019,74.07,71.53
OLI-HML-008,Olinger,Normal,Female,Home and lifestyle,69.81,4,13.96,293.2,1/28/2019,279.24,263.79
GRC-HML-012,Greene City,Normal,Female,Home and lifestyle,77.04,3,11.56,242.68,2/11/2019,231.12,222.62
GRC-CLO-012,Greene City,Normal,Female,Clothing,73.52,2,7.35,154.39,1/15/2019,147.04,143.21
OLI-FBV-014,Olinger,Normal,Female,Food and beverages,87.8,9,39.51,829.71,3/16/2019,790.2,757.21
GRC-HML-013,Greene City,Normal,Male,Home and lifestyle,25.55,4,5.11,107.31,1/26/2019,102.2,96.57
CAR-ELE-009,Carbon Creek,Normal,Male,Electronics,32.71,5,8.18,171.73,3/19/2019,163.55,159.26
OLI-CLO-013,Olinger,Member,Female,Clothing,74.29,1,3.71,78,1/13/2019,74.29,72.52
OLI-HBE-014,Olinger,Member,Male,Health and beauty,43.7,2,4.37,91.77,3/26/2019,87.4,85.53
CAR-HML-011,Carbon Creek,Normal,Female,Home and lifestyle,25.29,1,1.26,26.55,3/23/2019,25.29,24.12
OLI-HBE-015,Olinger,Normal,Male,Health and beauty,41.5,4,8.3,174.3,3/12/2019,166,161.53
OLI-FBV-015,Olinger,Member,Female,Food and beverages,71.39,5,17.85,374.8,2/17/2019,356.95,347.79
OLI-STR-011,Olinger,Member,Female,Sports and travel,19.15,6,5.75,120.65,1/29/2019,114.9,112.03
GRC-ELE-007,Greene City,Member,Female,Electronics,57.49,4,11.5,241.46,3/15/2019,229.96,222.84
OLI-ELE-012,Olinger,Normal,Male,Electronics,61.41,7,21.49,451.36,1/14/2019,429.87,421.35
GRC-HBE-009,Greene City,Member,Male,Health and beauty,25.9,10,12.95,271.95,2/6/2019,259,245.24
GRC-HML-014,Greene City,Member,Male,Home and lifestyle,17.77,5,4.44,93.29,2/15/2019,88.85,84.11
CAR-HBE-013,Carbon Creek,Normal,Female,Health and beauty,23.03,9,10.36,217.63,1/3/2019,207.27,198.64
OLI-ELE-013,Olinger,Member,Female,Electronics,66.65,9,29.99,629.84,1/4/2019,599.85,569.61
OLI-HML-009,Olinger,Member,Female,Home and lifestyle,28.53,10,14.27,299.57,3/18/2019,285.3,274.18
GRC-CLO-013,Greene City,Normal,Female,Clothing,30.37,3,4.56,95.67,3/28/2019,91.11,88.54
GRC-ELE-008,Greene City,Normal,Female,Electronics,99.73,9,44.88,942.45,3/2/2019,897.57,873.96
CAR-ELE-010,Carbon Creek,Normal,Male,Electronics,26.23,9,11.8,247.87,1/25/2019,236.07,226.32
OLI-FBV-016,Olinger,Normal,Female,Food and beverages,93.26,9,41.97,881.31,1/16/2019,839.34,804.46
GRC-HML-015,Greene City,Normal,Male,Home and lifestyle,92.36,5,23.09,484.89,3/20/2019,461.8,448.41
GRC-STR-012,Greene City,Normal,Male,Sports and travel,46.42,3,6.96,146.22,1/4/2019,139.26,133.06
GRC-STR-013,Greene City,Member,Female,Sports and travel,29.61,7,10.36,217.63,3/11/2019,207.27,197.19
CAR-HML-012,Carbon Creek,Normal,Male,Home and lifestyle,18.28,1,0.91,19.19,3/22/2019,18.28,17.42
GRC-STR-014,Greene City,Normal,Female,Sports and travel,24.77,5,6.19,130.04,3/24/2019,123.85,119.73
CAR-ELE-011,Carbon Creek,Member,Female,Electronics,94.64,3,14.2,298.12,2/21/2019,283.92,269.76
GRC-CLO-014,Greene City,Normal,Male,Clothing,94.87,8,37.95,796.91,2/12/2019,758.96,740.72
GRC-FBV-010,Greene City,Normal,Female,Food and beverages,57.34,3,8.6,180.62,3/10/2019,172.02,163.92
GRC-ELE-009,Greene City,Normal,Male,Electronics,45.35,6,13.61,285.71,1/31/2019,272.1,259.98
GRC-FBV-011,Greene City,Normal,Male,Food and beverages,62.08,7,21.73,456.29,3/6/2019,434.56,411.85
OLI-ELE-014,Olinger,Normal,Male,Electronics,11.81,5,2.95,62,2/17/2019,59.05,56.24
OLI-CLO-014,Olinger,Member,Female,Clothing,12.54,1,0.63,13.17,2/21/2019,12.54,11.95
CAR-FBV-013,Carbon Creek,Normal,Male,Food and beverages,43.25,2,4.33,90.83,3/20/2019,86.5,83.86
OLI-STR-012,Olinger,Member,Female,Sports and travel,87.16,2,8.72,183.04,1/11/2019,174.32,167.93
GRC-HBE-010,Greene City,Member,Male,Health and beauty,69.37,9,31.22,655.55,1/26/2019,624.33,591.93
OLI-ELE-015,Olinger,Member,Male,Electronics,37.06,4,7.41,155.65,1/31/2019,148.24,142.4
GRC-ELE-010,Greene City,Member,Female,Electronics,90.7,6,27.21,571.41,2/26/2019,544.2,523.45
CAR-HML-013,Carbon Creek,Normal,Female,Home and lifestyle,63.42,8,25.37,532.73,3/11/2019,507.36,485.48
GRC-CLO-015,Greene City,Normal,Female,Clothing,81.37,2,8.14,170.88,1/26/2019,162.74,155.2
GRC-ELE-011,Greene City,Member,Female,Electronics,10.59,3,1.59,33.36,3/12/2019,31.77,30.85
GRC-HBE-011,Greene City,Normal,Female,Health and beauty,84.09,9,37.84,794.65,2/11/2019,756.81,728.54
GRC-CLO-016,Greene City,Member,Male,Clothing,73.82,4,14.76,310.04,2/21/2019,295.28,289.11
CAR-HBE-014,Carbon Creek,Member,Male,Health and beauty,51.94,10,25.97,545.37,3/9/2019,519.4,508.64
CAR-STR-017,Carbon Creek,Normal,Female,Sports and travel,93.14,2,9.31,195.59,1/20/2019,186.28,175.75
OLI-HBE-016,Olinger,Normal,Male,Health and beauty,17.41,5,4.35,91.4,1/28/2019,87.05,84.6
OLI-CLO-015,Olinger,Member,Female,Clothing,44.22,5,11.06,232.16,3/5/2019,221.1,213.73
GRC-ELE-012,Greene City,Member,Female,Electronics,13.22,5,3.31,69.41,3/2/2019,66.1,63.02
CAR-CLO-006,Carbon Creek,Normal,Male,Clothing,89.69,1,4.48,94.17,1/11/2019,89.69,87.36
CAR-FBV-014,Carbon Creek,Normal,Male,Food and beverages,24.94,9,11.22,235.68,1/11/2019,224.46,217.48
CAR-HBE-015,Carbon Creek,Normal,Male,Health and beauty,59.77,2,5.98,125.52,3/11/2019,119.54,115.72
OLI-CLO-016,Olinger,Member,Male,Clothing,93.2,2,9.32,195.72,2/28/2019,186.4,181.85
CAR-HML-014,Carbon Creek,Member,Male,Home and lifestyle,62.65,4,12.53,263.13,1/5/2019,250.6,243.99
GRC-HML-016,Greene City,Normal,Male,Home and lifestyle,93.87,8,37.55,788.51,2/2/2019,750.96,719.94
CAR-HML-015,Carbon Creek,Member,Male,Home and lifestyle,47.59,8,19.04,399.76,1/1/2019,380.72,361.01
GRC-ELE-013,Greene City,Member,Female,Electronics,81.4,3,12.21,256.41,2/9/2019,244.2,236.24
CAR-CLO-007,Carbon Creek,Member,Male,Clothing,17.94,5,4.49,94.19,1/23/2019,89.7,85.88
CAR-ELE-012,Carbon Creek,Member,Male,Electronics,77.72,4,15.54,326.42,1/7/2019,310.88,296.12
GRC-FBV-012,Greene City,Normal,Male,Food and beverages,73.06,7,25.57,536.99,1/14/2019,511.42,494.64
GRC-FBV-013,Greene City,Member,Male,Food and beverages,46.55,9,20.95,439.9,2/2/2019,418.95,402.36
OLI-CLO-017,Olinger,Member,Male,Clothing,35.19,10,17.6,369.5,3/17/2019,351.9,344.01
OLI-STR-013,Olinger,Normal,Female,Sports and travel,14.39,2,1.44,30.22,3/2/2019,28.78,27.77
CAR-HML-016,Carbon Creek,Normal,Male,Home and lifestyle,23.75,4,4.75,99.75,3/16/2019,95,91.07
CAR-HML-017,Carbon Creek,Member,Male,Home and lifestyle,58.9,8,23.56,494.76,1/6/2019,471.2,452.39
GRC-CLO-017,Greene City,Member,Male,Clothing,32.62,4,6.52,137,1/29/2019,130.48,124.78
CAR-ELE-013,Carbon Creek,Member,Male,Electronics,66.35,1,3.32,69.67,1/31/2019,66.35,64.76
CAR-HML-018,Carbon Creek,Member,Male,Home and lifestyle,25.91,6,7.77,163.23,2/5/2019,155.46,147.99
CAR-ELE-014,Carbon Creek,Member,Male,Electronics,32.25,4,6.45,135.45,2/13/2019,129,122.95
OLI-ELE-016,Olinger,Member,Male,Electronics,65.94,4,13.19,276.95,2/7/2019,263.76,249.15
CAR-ELE-015,Carbon Creek,Normal,Female,Electronics,75.06,9,33.78,709.32,3/19/2019,675.54,642.37
OLI-CLO-018,Olinger,Normal,Female,Clothing,16.45,4,3.29,69.09,3/7/2019,65.8,63.84
GRC-CLO-018,Greene City,Member,Female,Clothing,38.3,4,7.66,160.86,3/13/2019,153.2,146.51
CAR-STR-018,Carbon Creek,Member,Female,Sports and travel,22.24,10,11.12,233.52,2/9/2019,222.4,217.19
GRC-STR-015,Greene City,Normal,Male,Sports and travel,54.45,1,2.72,57.17,2/26/2019,54.45,52.02
CAR-STR-019,Carbon Creek,Member,Female,Sports and travel,98.4,7,34.44,723.24,3/12/2019,688.8,649.94
OLI-HML-010,Olinger,Normal,Male,Home and lifestyle,35.47,4,7.09,148.97,3/14/2019,141.88,137.2
GRC-FBV-014,Greene City,Member,Female,Food and beverages,74.6,10,37.3,783.3,1/8/2019,746,726.49
CAR-HML-019,Carbon Creek,Member,Male,Home and lifestyle,70.74,4,14.15,297.11,1/5/2019,282.96,275.14
CAR-HML-020,Carbon Creek,Member,Female,Home and lifestyle,35.54,10,17.77,373.17,1/4/2019,355.4,341.37
GRC-STR-016,Greene City,Normal,Female,Sports and travel,67.43,5,16.86,354.01,3/6/2019,337.15,323.86
OLI-HBE-017,Olinger,Member,Female,Health and beauty,21.12,2,2.11,44.35,1/3/2019,42.24,40.13
CAR-HML-021,Carbon Creek,Member,Female,Home and lifestyle,21.54,9,9.69,203.55,1/7/2019,193.86,183.95
CAR-HML-022,Carbon Creek,Normal,Female,Home and lifestyle,12.03,2,1.2,25.26,1/27/2019,24.06,22.8
GRC-HBE-012,Greene City,Normal,Female,Health and beauty,99.71,6,29.91,628.17,2/26/2019,598.26,577.24
GRC-CLO-019,Greene City,Normal,Male,Clothing,47.97,7,16.79,352.58,1/7/2019,335.79,325.09
OLI-HML-011,Olinger,Member,Female,Home and lifestyle,21.82,10,10.91,229.11,1/7/2019,218.2,212.62
OLI-CLO-019,Olinger,Normal,Female,Clothing,95.42,4,19.08,400.76,2/2/2019,381.68,371.54
OLI-CLO-020,Olinger,Member,Male,Clothing,70.99,10,35.5,745.4,3/20/2019,709.9,677.31
CAR-STR-020,Carbon Creek,Member,Male,Sports and travel,44.02,10,22.01,462.21,3/20/2019,440.2,415.93
CAR-HML-023,Carbon Creek,Normal,Female,Home and lifestyle,69.96,8,27.98,587.66,2/15/2019,559.68,540.7
OLI-HML-012,Olinger,Normal,Male,Home and lifestyle,37,1,1.85,38.85,3/6/2019,37,35.36
CAR-STR-021,Carbon Creek,Normal,Female,Sports and travel,15.34,1,0.77,16.11,1/6/2019,15.34,14.57
CAR-HBE-016,Carbon Creek,Member,Male,Health and beauty,99.83,6,29.95,628.93,3/4/2019,598.98,578.22
CAR-HBE-017,Carbon Creek,Member,Female,Health and beauty,47.67,4,9.53,200.21,3/12/2019,190.68,186.9
GRC-HBE-013,Greene City,Normal,Male,Health and beauty,66.68,5,16.67,350.07,2/20/2019,333.4,315.39
OLI-HML-013,Olinger,Member,Male,Home and lifestyle,74.86,1,3.74,78.6,3/24/2019,74.86,72.01
OLI-STR-014,Olinger,Normal,Female,Sports and travel,23.75,9,10.69,224.44,1/31/2019,213.75,204.97
GRC-FBV-015,Greene City,Normal,Female,Food and beverages,48.51,7,16.98,356.55,1/25/2019,339.57,328.78
CAR-HML-024,Carbon Creek,Member,Female,Home and lifestyle,94.88,7,33.21,697.37,2/3/2019,664.16,630.74
GRC-ELE-014,Greene City,Member,Male,Electronics,40.3,10,20.15,423.15,1/24/2019,403,391.72
OLI-ELE-017,Olinger,Normal,Male,Electronics,27.85,7,9.75,204.7,3/14/2019,194.95,186.64
CAR-ELE-016,Carbon Creek,Member,Female,Electronics,62.48,1,3.12,65.6,2/18/2019,62.48,60.43
CAR-FBV-015,Carbon Creek,Member,Female,Food and beverages,36.36,2,3.64,76.36,1/21/2019,72.72,70.26
GRC-HBE-014,Greene City,Normal,Male,Health and beauty,18.11,10,9.06,190.16,3/13/2019,181.1,177.19
OLI-ELE-018,Olinger,Member,Female,Electronics,51.92,5,12.98,272.58,3/3/2019,259.6,248.55
OLI-ELE-019,Olinger,Normal,Male,Electronics,28.84,4,5.77,121.13,3/29/2019,115.36,109.04
CAR-HML-025,Carbon Creek,Member,Male,Home and lifestyle,78.38,6,23.51,493.79,1/10/2019,470.28,444.81
CAR-HML-026,Carbon Creek,Member,Male,Home and lifestyle,60.01,4,12,252.04,1/25/2019,240.04,226.76
OLI-HML-014,Olinger,Member,Female,Home and lifestyle,88.61,1,4.43,93.04,1/19/2019,88.61,84.48
OLI-CLO-021,Olinger,Normal,Male,Clothing,99.82,2,9.98,209.62,1/2/2019,199.64,188.97
GRC-HBE-015,Greene City,Member,Male,Health and beauty,39.01,1,1.95,40.96,3/12/2019,39.01,37.54
OLI-FBV-017,Olinger,Normal,Male,Food and beverages,48.61,1,2.43,51.04,2/25/2019,48.61,47.02
CAR-ELE-017,Carbon Creek,Normal,Female,Electronics,51.19,4,10.24,215,3/18/2019,204.76,196.56
GRC-ELE-015,Greene City,Normal,Female,Electronics,14.96,8,5.98,125.66,2/23/2019,119.68,113.19
CAR-ELE-018,Carbon Creek,Member,Male,Electronics,72.2,7,25.27,530.67,3/26/2019,505.4,489.28
CAR-STR-022,Carbon Creek,Normal,Female,Sports and travel,40.23,7,14.08,295.69,3/30/2019,281.61,269.21
CAR-HML-027,Carbon Creek,Member,Female,Home and lifestyle,88.79,8,35.52,745.84,2/17/2019,710.32,681.45
CAR-ELE-019,Carbon Creek,Member,Female,Electronics,26.48,3,3.97,83.41,3/21/2019,79.44,77.62
CAR-CLO-008,Carbon Creek,Normal,Female,Clothing,81.91,2,8.19,172.01,3/5/2019,163.82,156.37
GRC-STR-017,Greene City,Member,Male,Sports and travel,79.93,6,23.98,503.56,1/31/2019,479.58,461.79
OLI-CLO-022,Olinger,Member,Male,Clothing,69.33,2,6.93,145.59,2/5/2019,138.66,134.31
CAR-FBV-016,Carbon Creek,Member,Female,Food and beverages,14.23,5,3.56,74.71,2/1/2019,71.15,67.23
CAR-HBE-018,Carbon Creek,Member,Female,Health and beauty,15.55,9,7,146.95,3/7/2019,139.95,136.01
OLI-ELE-020,Olinger,Member,Female,Electronics,78.13,10,39.07,820.37,2/10/2019,781.3,763.23
OLI-FBV-018,Olinger,Member,Male,Food and beverages,99.37,2,9.94,208.68,2/14/2019,198.74,190.01
OLI-FBV-019,Olinger,Member,Female,Food and beverages,21.08,3,3.16,66.4,2/9/2019,63.24,61.54
OLI-ELE-021,Olinger,Member,Male,Electronics,74.79,5,18.7,392.65,1/10/2019,373.95,358.13
OLI-HBE-018,Olinger,Member,Female,Health and beauty,29.67,7,10.38,218.07,3/11/2019,207.69,201.8
OLI-HBE-019,Olinger,Member,Male,Health and beauty,44.07,4,8.81,185.09,2/18/2019,176.28,167.14
OLI-FBV-020,Olinger,Normal,Female,Food and beverages,22.93,9,10.32,216.69,2/26/2019,206.37,201.4
OLI-HBE-020,Olinger,Normal,Female,Health and beauty,39.42,1,1.97,41.39,1/18/2019,39.42,38.08
CAR-HBE-019,Carbon Creek,Normal,Male,Health and beauty,15.26,6,4.58,96.14,2/15/2019,91.56,87.56
CAR-CLO-009,Carbon Creek,Normal,Female,Clothing,61.77,5,15.44,324.29,3/8/2019,308.85,292.8
CAR-HML-028,Carbon Creek,Normal,Male,Home and lifestyle,21.52,6,6.46,135.58,1/17/2019,129.12,124.65
GRC-STR-018,Greene City,Normal,Male,Sports and travel,97.74,4,19.55,410.51,3/12/2019,390.96,381.9
CAR-FBV-017,Carbon Creek,Member,Male,Food and beverages,99.78,5,24.95,523.85,3/9/2019,498.9,474.34
OLI-FBV-021,Olinger,Member,Male,Food and beverages,94.26,4,18.85,395.89,3/12/2019,377.04,359.85
GRC-HBE-016,Greene City,Member,Male,Health and beauty,51.13,4,10.23,214.75,1/25/2019,204.52,193.1
CAR-ELE-020,Carbon Creek,Member,Male,Electronics,36.36,4,7.27,152.71,3/25/2019,145.44,141.32
GRC-HML-017,Greene City,Normal,Male,Home and lifestyle,22.02,9,9.91,208.09,2/7/2019,198.18,192.66
CAR-FBV-018,Carbon Creek,Normal,Male,Food and beverages,32.9,3,4.94,103.64,2/17/2019,98.7,95.96
CAR-CLO-010,Carbon Creek,Normal,Male,Clothing,77.02,5,19.26,404.36,2/3/2019,385.1,377.39
CAR-FBV-019,Carbon Creek,Member,Male,Food and beverages,23.48,2,2.35,49.31,3/14/2019,46.96,45.36
OLI-STR-015,Olinger,Member,Male,Sports and travel,14.7,5,3.68,77.18,3/24/2019,73.5,71.78
CAR-ELE-021,Carbon Creek,Member,Female,Electronics,28.45,5,7.11,149.36,3/21/2019,142.25,136.99
CAR-CLO-011,Carbon Creek,Normal,Male,Clothing,76.4,9,34.38,721.98,3/19/2019,687.6,671.17
GRC-STR-019,Greene City,Normal,Female,Sports and travel,57.95,6,17.39,365.09,2/24/2019,347.7,331.95
OLI-ELE-022,Olinger,Normal,Female,Electronics,47.65,3,7.15,150.1,3/28/2019,142.95,136.92
GRC-FBV-016,Greene City,Member,Female,Food and beverages,42.82,9,19.27,404.65,2/5/2019,385.38,376.08
GRC-ELE-016,Greene City,Member,Male,Electronics,48.09,3,7.21,151.48,2/10/2019,144.27,140.8
GRC-HBE-017,Greene City,Member,Female,Health and beauty,55.97,7,19.59,411.38,3/5/2019,391.79,378.82
GRC-HBE-018,Greene City,Member,Female,Health and beauty,76.9,7,26.92,565.22,2/15/2019,538.3,514.64
OLI-FBV-022,Olinger,Normal,Female,Food and beverages,97.03,5,24.26,509.41,1/30/2019,485.15,471.56
CAR-STR-023,Carbon Creek,Normal,Male,Sports and travel,44.65,3,6.7,140.65,2/14/2019,133.95,126.9
CAR-CLO-012,Carbon Creek,Normal,Female,Clothing,77.93,9,35.07,736.44,2/27/2019,701.37,674.23
CAR-ELE-022,Carbon Creek,Member,Male,Electronics,71.95,1,3.6,75.55,2/4/2019,71.95,68.08
OLI-HML-015,Olinger,Member,Female,Home and lifestyle,89.25,8,35.7,749.7,1/20/2019,714,677.45
CAR-ELE-023,Carbon Creek,Normal,Male,Electronics,26.02,7,9.11,191.25,3/28/2019,182.14,174.5
GRC-HBE-019,Greene City,Normal,Female,Health and beauty,13.5,10,6.75,141.75,2/27/2019,135,130.15
OLI-CLO-023,Olinger,Member,Female,Clothing,99.3,10,49.65,1042.65,2/15/2019,993,953.53
CAR-ELE-024,Carbon Creek,Normal,Male,Electronics,51.69,7,18.09,379.92,1/26/2019,361.83,344.34
GRC-CLO-020,Greene City,Member,Female,Clothing,54.73,7,19.16,402.27,3/14/2019,383.11,371.03
GRC-HML-018,Greene City,Member,Male,Home and lifestyle,27,9,12.15,255.15,3/2/2019,243,235.66
OLI-ELE-023,Olinger,Normal,Female,Electronics,30.24,1,1.51,31.75,3/4/2019,30.24,29.33
GRC-FBV-017,Greene City,Member,Female,Food and beverages,89.14,4,17.83,374.39,1/7/2019,356.56,337.97
OLI-CLO-024,Olinger,Normal,Female,Clothing,37.55,10,18.78,394.28,3/8/2019,375.5,362.05
OLI-STR-016,Olinger,Normal,Female,Sports and travel,95.44,10,47.72,1002.12,1/9/2019,954.4,904.1
GRC-ELE-017,Greene City,Normal,Male,Electronics,27.5,3,4.13,86.63,3/1/2019,82.5,80.43
GRC-STR-020,Greene City,Normal,Male,Sports and travel,74.97,1,3.75,78.72,3/16/2019,74.97,72.52
CAR-FBV-020,Carbon Creek,Member,Male,Food and beverages,80.96,8,32.38,680.06,2/17/2019,647.68,612.11
OLI-FBV-023,Olinger,Normal,Female,Food and beverages,94.47,8,37.79,793.55,2/27/2019,755.76,714.56
OLI-FBV-024,Olinger,Normal,Male,Food and beverages,99.79,2,9.98,209.56,3/7/2019,199.58,189.61
CAR-HML-029,Carbon Creek,Normal,Male,Home and lifestyle,73.22,6,21.97,461.29,1/21/2019,439.32,429.42
OLI-FBV-025,Olinger,Normal,Female,Food and beverages,41.24,4,8.25,173.21,2/19/2019,164.96,158.62
OLI-CLO-025,Olinger,Normal,Female,Clothing,81.68,4,16.34,343.06,1/6/2019,326.72,309.5
OLI-ELE-024,Olinger,Normal,Female,Electronics,51.32,9,23.09,484.97,3/14/2019,461.88,446.74
CAR-HML-030,Carbon Creek,Member,Male,Home and lifestyle,65.94,4,13.19,276.95,3/24/2019,263.76,256.54
OLI-STR-017,Olinger,Normal,Female,Sports and travel,14.36,10,7.18,150.78,1/27/2019,143.6,138.81
CAR-ELE-025,Carbon Creek,Member,Male,Electronics,21.5,9,9.68,203.18,3/6/2019,193.5,188.81
GRC-ELE-018,Greene City,Member,Female,Electronics,26.26,7,9.19,193.01,2/2/2019,183.82,178.18
GRC-CLO-021,Greene City,Normal,Female,Clothing,60.96,2,6.1,128.02,1/25/2019,121.92,117.86
OLI-HML-016,Olinger,Normal,Female,Home and lifestyle,70.11,6,21.03,441.69,3/14/2019,420.66,397.98
OLI-CLO-026,Olinger,Normal,Male,Clothing,42.08,6,12.62,265.1,1/29/2019,252.48,240.91
CAR-HML-031,Carbon Creek,Normal,Female,Home and lifestyle,67.09,5,16.77,352.22,1/3/2019,335.45,326.29
CAR-CLO-013,Carbon Creek,Member,Female,Clothing,96.7,5,24.18,507.68,1/14/2019,483.5,468.58
GRC-HML-019,Greene City,Member,Female,Home and lifestyle,35.38,9,15.92,334.34,1/5/2019,318.42,309.16
OLI-STR-018,Olinger,Normal,Male,Sports and travel,95.49,7,33.42,701.85,2/22/2019,668.43,652.03
OLI-CLO-027,Olinger,Member,Male,Clothing,96.98,4,19.4,407.32,2/6/2019,387.92,379.11
GRC-ELE-019,Greene City,Normal,Female,Electronics,23.65,4,4.73,99.33,1/30/2019,94.6,90.06
CAR-STR-024,Carbon Creek,Member,Male,Sports and travel,82.33,4,16.47,345.79,1/11/2019,329.32,322.05
OLI-ELE-025,Olinger,Normal,Female,Electronics,26.61,2,2.66,55.88,3/19/2019,53.22,50.44
GRC-FBV-018,Greene City,Normal,Female,Food and beverages,99.69,5,24.92,523.37,1/14/2019,498.45,472.87
OLI-FBV-026,Olinger,Member,Female,Food and beverages,74.89,4,14.98,314.54,3/1/2019,299.56,282.94
CAR-FBV-021,Carbon Creek,Normal,Female,Food and beverages,40.94,5,10.24,214.94,1/6/2019,204.7,196.21
GRC-STR-021,Greene City,Member,Male,Sports and travel,75.82,1,3.79,79.61,1/31/2019,75.82,73.24
OLI-FBV-027,Olinger,Normal,Male,Food and beverages,46.77,6,14.03,294.65,3/11/2019,280.62,266.37
CAR-HBE-020,Carbon Creek,Normal,Female,Health and beauty,32.32,10,16.16,339.36,2/20/2019,323.2,306.21
OLI-CLO-028,Olinger,Member,Female,Clothing,54.07,9,24.33,510.96,1/27/2019,486.63,467.43
GRC-FBV-019,Greene City,Normal,Male,Food and beverages,18.22,7,6.38,133.92,3/10/2019,127.54,124.45
OLI-CLO-029,Olinger,Member,Female,Clothing,80.48,3,12.07,253.51,2/15/2019,241.44,230.63
GRC-CLO-022,Greene City,Normal,Female,Clothing,37.95,10,18.98,398.48,1/26/2019,379.5,371.2
CAR-ELE-026,Carbon Creek,Member,Male,Electronics,76.82,1,3.84,80.66,2/13/2019,76.82,73.5
CAR-STR-025,Carbon Creek,Member,Female,Sports and travel,52.26,10,26.13,548.73,3/9/2019,522.6,504.46
CAR-HBE-021,Carbon Creek,Normal,Female,Health and beauty,79.74,1,3.99,83.73,3/6/2019,79.74,76.28
CAR-HBE-022,Carbon Creek,Normal,Female,Health and beauty,77.5,5,19.38,406.88,1/24/2019,387.5,366.66
CAR-FBV-022,Carbon Creek,Normal,Female,Food and beverages,54.27,5,13.57,284.92,3/13/2019,271.35,257.8
GRC-HML-020,Greene City,Normal,Male,Home and lifestyle,13.59,9,6.12,128.43,3/15/2019,122.31,116.07
GRC-HBE-020,Greene City,Member,Female,Health and beauty,41.06,6,12.32,258.68,3/5/2019,246.36,238.64
GRC-ELE-020,Greene City,Member,Male,Electronics,19.24,9,8.66,181.82,3/4/2019,173.16,168.13
OLI-FBV-028,Olinger,Normal,Female,Food and beverages,39.43,6,11.83,248.41,3/25/2019,236.58,223.44
OLI-HML-017,Olinger,Normal,Male,Home and lifestyle,46.22,4,9.24,194.12,3/12/2019,184.88,177.3
OLI-HML-018,Olinger,Member,Male,Home and lifestyle,13.98,1,0.7,14.68,2/4/2019,13.98,13.35
GRC-CLO-023,Greene City,Normal,Female,Clothing,39.75,5,9.94,208.69,2/22/2019,198.75,192.99
OLI-CLO-030,Olinger,Member,Female,Clothing,97.79,7,34.23,718.76,2/16/2019,684.53,658.5
CAR-STR-026,Carbon Creek,Member,Male,Sports and travel,67.26,4,13.45,282.49,1/19/2019,269.04,254.64
CAR-FBV-023,Carbon Creek,Normal,Male,Food and beverages,13.79,5,3.45,72.4,1/11/2019,68.95,65.05
GRC-CLO-024,Greene City,Member,Female,Clothing,68.71,4,13.74,288.58,1/4/2019,274.84,260.86
CAR-HML-032,Carbon Creek,Normal,Female,Home and lifestyle,56.53,4,11.31,237.43,3/4/2019,226.12,220.85
OLI-CLO-031,Olinger,Normal,Female,Clothing,23.82,5,5.96,125.06,1/28/2019,119.1,113.35
GRC-HBE-021,Greene City,Normal,Female,Health and beauty,34.21,10,17.11,359.21,1/2/2019,342.1,328.9
GRC-STR-022,Greene City,Normal,Male,Sports and travel,21.87,2,2.19,45.93,1/25/2019,43.74,41.62
CAR-HBE-023,Carbon Creek,Member,Male,Health and beauty,20.97,5,5.24,110.09,1/4/2019,104.85,100.33
CAR-STR-027,Carbon Creek,Normal,Male,Sports and travel,25.84,,3.88,81.4,3/10/2019,77.52,73.26
CAR-HML-033,Carbon Creek,Normal,Male,Home and lifestyle,50.93,8,20.37,427.81,3/22/2019,407.44,392.65
GRC-HBE-022,Greene City,Normal,Male,Health and beauty,96.11,1,4.81,100.92,1/25/2019,96.11,90.9
OLI-HML-019,Olinger,Normal,Female,Home and lifestyle,45.38,4,9.08,190.6,1/8/2019,181.52,176.62
OLI-HBE-021,Olinger,Member,Female,Health and beauty,81.51,1,4.08,85.59,1/22/2019,81.51,77.06
GRC-HBE-023,Greene City,Normal,Female,Health and beauty,57.22,2,5.72,120.16,1/12/2019,114.44,108.72
CAR-ELE-027,Carbon Creek,Member,Female,Electronics,25.22,7,8.83,185.37,2/4/2019,176.54,168.62
OLI-FBV-029,Olinger,Member,Female,Food and beverages,38.6,3,5.79,121.59,3/28/2019,115.8,109.56
OLI-ELE-026,Olinger,Normal,Female,Electronics,84.05,3,12.61,264.76,1/23/2019,252.15,242.59
OLI-CLO-032,Olinger,Member,Female,Clothing,97.21,10,48.61,1020.71,2/8/2019,972.1,921.63
GRC-CLO-025,Greene City,Member,Male,Clothing,25.42,8,10.17,213.53,3/19/2019,203.36,192.44
OLI-CLO-033,Olinger,Normal,Male,Clothing,16.28,1,0.81,17.09,3/9/2019,16.28,15.7
GRC-CLO-026,Greene City,Member,Male,Clothing,40.61,9,18.27,383.76,1/2/2019,365.49,357.52
CAR-HBE-024,Carbon Creek,Member,Male,Health and beauty,53.17,7,18.61,390.8,1/21/2019,372.19,356.76
GRC-FBV-020,Greene City,Member,Female,Food and beverages,20.87,3,3.13,65.74,3/20/2019,62.61,59.59
GRC-STR-023,Greene City,Normal,Male,Sports and travel,67.27,5,16.82,353.17,2/27/2019,336.35,317.64
CAR-HML-034,Carbon Creek,Member,Female,Home and lifestyle,90.65,10,45.33,951.83,3/8/2019,906.5,869.76
GRC-CLO-027,Greene City,Normal,Male,Clothing,69.08,2,6.91,145.07,1/31/2019,138.16,132.95
OLI-FBV-030,Olinger,Normal,Male,Food and beverages,43.27,2,4.33,90.87,3/8/2019,86.54,82.55
CAR-ELE-028,Carbon Creek,Normal,Female,Electronics,23.46,6,7.04,147.8,1/13/2019,140.76,136.72
GRC-CLO-028,Greene City,Normal,Male,Clothing,95.54,7,33.44,702.22,3/9/2019,668.78,647.17
GRC-CLO-029,Greene City,Normal,Female,Clothing,47.44,1,2.37,49.81,2/22/2019,47.44,44.83
OLI-STR-019,Olinger,Normal,Male,Sports and travel,99.24,9,44.66,937.82,3/19/2019,893.16,860.9
OLI-STR-020,Olinger,Member,Male,Sports and travel,82.93,4,16.59,348.31,1/20/2019,331.72,313.81
CAR-HML-035,Carbon Creek,Normal,Male,Home and lifestyle,33.99,6,10.2,214.14,3/8/2019,203.94,198.08
OLI-FBV-031,Olinger,Member,Male,Food and beverages,17.04,4,3.41,71.57,3/8/2019,68.16,66.81
OLI-ELE-027,Olinger,Normal,Female,Electronics,40.86,8,16.34,343.22,2/7/2019,326.88,310.86
OLI-FBV-032,Olinger,Member,Male,Food and beverages,17.44,5,4.36,91.56,1/15/2019,87.2,83.95
GRC-STR-024,Greene City,Member,Female,Sports and travel,88.43,8,35.37,742.81,3/22/2019,707.44,687.8
CAR-HML-036,Carbon Creek,Member,Female,Home and lifestyle,89.21,9,40.14,843.03,1/15/2019,802.89,778.28
OLI-CLO-034,Olinger,Normal,Male,Clothing,12.78,1,0.64,13.42,1/8/2019,12.78,12.3
CAR-STR-028,Carbon Creek,Normal,Female,Sports and travel,19.1,7,6.69,140.39,1/15/2019,133.7,130.08
GRC-HBE-024,Greene City,Member,Female,Health and beauty,19.15,1,0.96,20.11,1/28/2019,19.15,18.32
OLI-FBV-033,Olinger,Member,Male,Food and beverages,27.66,10,13.83,290.43,2/14/2019,276.6,265.19
OLI-CLO-035,Olinger,Normal,Male,Clothing,45.74,3,6.86,144.08,3/10/2019,137.22,134.31
GRC-HBE-025,Greene City,Member,Female,Health and beauty,27.07,1,1.35,28.42,1/12/2019,27.07,25.75
GRC-STR-025,Greene City,Member,Female,Sports and travel,39.12,1,1.96,41.08,3/26/2019,39.12,38.08
GRC-ELE-021,Greene City,Normal,Female,Electronics,74.71,6,22.41,470.67,1/1/2019,448.26,424.59
GRC-ELE-022,Greene City,Normal,Male,Electronics,22.01,6,6.6,138.66,1/2/2019,132.06,127.99
CAR-FBV-024,Carbon Creek,Normal,Female,Food and beverages,63.61,5,15.9,333.95,3/16/2019,318.05,302.89
CAR-HBE-025,Carbon Creek,Normal,Male,Health and beauty,25,1,1.25,26.25,3/3/2019,,
CAR-ELE-029,Carbon Creek,Member,Male,Electronics,20.77,4,4.15,87.23,1/31/2019,83.08,78.74
GRC-CLO-030,Greene City,Member,Female,Clothing,29.56,5,7.39,155.19,2/13/2019,147.8,141.45
GRC-FBV-021,Greene City,Member,Female,Food and beverages,77.4,9,34.83,731.43,2/15/2019,696.6,664.96
GRC-ELE-023,Greene City,Normal,Male,Electronics,79.39,10,39.7,833.6,2/7/2019,793.9,771.86
OLI-ELE-028,Olinger,Member,Female,Electronics,46.57,10,23.29,488.99,1/27/2019,465.7,447.48
OLI-FBV-034,Olinger,Normal,Male,Food and beverages,35.89,1,1.79,37.68,2/23/2019,35.89,35.15
OLI-FBV-035,Olinger,Normal,Male,Food and beverages,40.52,5,10.13,212.73,2/3/2019,202.6,193.42
GRC-FBV-022,Greene City,Member,Female,Food and beverages,73.05,10,36.53,767.03,3/3/2019,730.5,699.04
OLI-STR-021,Olinger,Normal,Female,Sports and travel,73.95,4,14.79,310.59,2/3/2019,295.8,279.48
OLI-FBV-036,Olinger,Member,Female,Food and beverages,22.62,1,1.13,23.75,3/17/2019,22.62,21.38
CAR-FBV-025,Carbon Creek,Member,Male,Food and beverages,51.34,5,12.84,269.54,3/28/2019,256.7,243.84
OLI-STR-022,Olinger,Member,Female,Sports and travel,54.55,10,27.28,572.78,3/2/2019,545.5,516.36
OLI-HBE-022,Olinger,Member,Female,Health and beauty,37.15,7,13,273.05,2/8/2019,260.05,253.28
GRC-STR-026,Greene City,Normal,Male,Sports and travel,37.02,6,11.11,233.23,3/22/2019,222.12,216.84
OLI-FBV-037,Olinger,Normal,Male,Food and beverages,21.58,1,1.08,22.66,2/9/2019,21.58,20.51
OLI-ELE-029,Olinger,Member,Female,Electronics,98.84,1,4.94,103.78,2/15/2019,98.84,96.89
OLI-HML-020,Olinger,Member,Female,Home and lifestyle,83.77,6,25.13,527.75,1/23/2019,502.62,477.71
CAR-STR-029,Carbon Creek,Member,Female,Sports and travel,40.05,4,8.01,168.21,1/25/2019,160.2,152.05
CAR-CLO-014,Carbon Creek,Member,Male,Clothing,43.13,10,21.57,452.87,2/2/2019,431.3,419.05
GRC-HBE-026,Greene City,Member,Male,Health and beauty,72.57,8,29.03,609.59,3/30/2019,580.56,558
CAR-ELE-030,Carbon Creek,Member,Female,Electronics,64.44,5,16.11,338.31,3/30/2019,322.2,306.2
CAR-HBE-026,Carbon Creek,Normal,Male,Health and beauty,65.18,3,9.78,205.32,2/25/2019,195.54,189.21
CAR-STR-030,Carbon Creek,Normal,Female,Sports and travel,33.26,5,8.32,174.62,3/18/2019,166.3,158.42
OLI-ELE-030,Olinger,Normal,Male,Electronics,84.07,4,16.81,353.09,3/7/2019,336.28,324.56
GRC-STR-027,Greene City,Normal,Male,Sports and travel,34.37,10,17.19,360.89,3/16/2019,343.7,332.99
CAR-ELE-031,Carbon Creek,Normal,Male,Electronics,38.6,1,1.93,40.53,1/29/2019,38.6,37.01
OLI-FBV-038,Olinger,Normal,Male,Food and beverages,65.97,8,26.39,554.15,2/2/2019,527.76,499.56
OLI-ELE-031,Olinger,Normal,Female,Electronics,32.8,10,16.4,344.4,2/15/2019,328,320.35
CAR-STR-031,Carbon Creek,Normal,Male,Sports and travel,37.14,5,9.29,194.99,1/8/2019,185.7,181
GRC-HML-021,Greene City,Member,Male,Home and lifestyle,60.38,10,30.19,633.99,2/12/2019,603.8,590.46
OLI-STR-023,Olinger,Member,Female,Sports and travel,36.98,10,18.49,388.29,1/1/2019,369.8,361.09
GRC-STR-028,Greene City,Member,Female,Sports and travel,49.49,4,9.9,207.86,3/21/2019,197.96,193.25
GRC-CLO-031,Greene City,Normal,Female,Clothing,41.09,10,20.55,431.45,2/28/2019,410.9,390.2
CAR-CLO-015,Carbon Creek,Normal,Male,Clothing,37.15,4,7.43,156.03,3/23/2019,,
OLI-HML-021,Olinger,Normal,Male,Home and lifestyle,22.96,1,1.15,24.11,1/30/2019,22.96,21.81
GRC-HML-022,Greene City,Member,Female,Home and lifestyle,77.68,9,34.96,734.08,2/4/2019,699.12,675.08
GRC-CLO-032,Greene City,Normal,Female,Clothing,34.7,2,3.47,72.87,3/13/2019,69.4,65.63
CAR-CLO-016,Carbon Creek,Member,Female,Clothing,19.66,10,9.83,206.43,3/15/2019,196.6,186.24
GRC-HBE-027,Greene City,Member,Female,Health and beauty,25.32,8,10.13,212.69,3/5/2019,202.56,195.97
OLI-HML-022,Olinger,Member,Female,Home and lifestyle,12.12,10,6.06,127.26,3/5/2019,121.2,118.14
GRC-CLO-033,Greene City,Normal,Male,Clothing,99.89,2,9.99,209.77,2/26/2019,199.78,190.74
GRC-STR-029,Greene City,Normal,Male,Sports and travel,75.92,8,30.37,637.73,3/20/2019,607.36,580.28
OLI-ELE-032,Olinger,Normal,Female,Electronics,63.22,2,6.32,132.76,1/1/2019,126.44,123.67
OLI-FBV-039,Olinger,Normal,Female,Food and beverages,90.24,6,27.07,568.51,1/27/2019,541.44,521.57
GRC-STR-030,Greene City,Member,Female,Sports and travel,98.13,1,4.91,103.04,1/21/2019,98.13,94.9
CAR-STR-032,Carbon Creek,Member,Female,Sports and travel,51.52,8,20.61,432.77,2/2/2019,412.16,400.9
GRC-STR-031,Greene City,Member,Male,Sports and travel,73.97,1,3.7,77.67,2/3/2019,73.97,69.88
OLI-CLO-036,Olinger,Member,Female,Clothing,31.9,1,1.6,33.5,1/5/2019,31.9,31.13
OLI-HML-023,Olinger,Normal,Male,Home and lifestyle,69.4,2,6.94,145.74,1/27/2019,138.8,134.91
GRC-STR-032,Greene City,Normal,Female,Sports and travel,93.31,2,9.33,195.95,3/25/2019,186.62,178.19
GRC-STR-033,Greene City,Normal,Male,Sports and travel,88.45,1,4.42,92.87,2/25/2019,88.45,86.67
CAR-ELE-032,Carbon Creek,Member,Male,Electronics,24.18,8,9.67,203.11,1/28/2019,193.44,184.36
GRC-STR-034,Greene City,Member,Female,Sports and travel,48.5,3,7.28,152.78,1/8/2019,145.5,140.21
GRC-FBV-023,Greene City,Normal,Female,Food and beverages,84.05,6,25.22,529.52,1/29/2019,504.3,490.95
GRC-HBE-028,Greene City,Member,Male,Health and beauty,61.29,5,15.32,321.77,3/29/2019,306.45,295.94
OLI-HML-024,Olinger,Member,Female,Home and lifestyle,15.95,6,4.79,100.49,2/9/2019,95.7,91.82
GRC-STR-035,Greene City,Member,Female,Sports and travel,90.74,7,31.76,666.94,1/16/2019,635.18,603.03
CAR-HML-037,Carbon Creek,Normal,Female,Home and lifestyle,42.91,5,10.73,225.28,1/5/2019,214.55,205.54
CAR-CLO-017,Carbon Creek,Normal,Female,Clothing,54.28,7,19,398.96,1/27/2019,379.96,371.43
CAR-ELE-033,Carbon Creek,Normal,Male,Electronics,99.55,7,34.84,731.69,3/14/2019,696.85,661.22
OLI-STR-024,Olinger,Member,Male,Sports and travel,58.39,7,20.44,429.17,2/23/2019,408.73,389.4
OLI-CLO-037,Olinger,Member,Female,Clothing,51.47,1,2.57,54.04,3/18/2019,51.47,49.51
GRC-HBE-029,Greene City,Member,,Health and beauty,54.86,5,13.72,288.02,3/29/2019,274.3,264.65
OLI-HML-025,Olinger,Member,Male,Home and lifestyle,39.39,5,9.85,206.8,1/22/2019,196.95,189.64
CAR-HML-038,Carbon Creek,Normal,Male,Home and lifestyle,34.73,2,3.47,72.93,3/1/2019,69.46,66.34
OLI-STR-025,Olinger,Member,Male,Sports and travel,71.92,5,17.98,377.58,1/17/2019,359.6,349.38
GRC-ELE-024,Greene City,Normal,Female,Electronics,45.71,3,6.86,143.99,3/26/2019,137.13,130.46
OLI-HML-026,Olinger,Member,Female,Home and lifestyle,83.17,6,24.95,523.97,3/20/2019,499.02,472.13
CAR-HML-039,Carbon Creek,Member,Female,Home and lifestyle,37.44,6,11.23,235.87,2/6/2019,224.64,219.31
OLI-HBE-023,Olinger,Normal,Male,Health and beauty,62.87,2,6.29,132.03,1/1/2019,125.74,120.66
CAR-FBV-026,Carbon Creek,Normal,Male,Food and beverages,81.71,6,24.51,514.77,1/27/2019,490.26,463.15
CAR-STR-033,Carbon Creek,Member,Female,Sports and travel,91.41,5,22.85,479.9,2/25/2019,457.05,432.1
GRC-CLO-034,Greene City,Normal,Male,Clothing,39.21,4,7.84,164.68,1/16/2019,156.84,153.53
GRC-CLO-035,Greene City,Member,Male,Clothing,59.86,2,5.99,125.71,1/13/2019,119.72,115.79
GRC-FBV-024,Greene City,Member,Female,Food and beverages,54.36,10,27.18,570.78,2/7/2019,543.6,516.9
CAR-STR-034,Carbon Creek,Normal,Male,Sports and travel,98.09,9,44.14,926.95,2/17/2019,882.81,840.33
CAR-HBE-027,Carbon Creek,Normal,Male,Health and beauty,25.43,6,7.63,160.21,2/12/2019,152.58,147.25
CAR-CLO-018,Carbon Creek,Member,Male,Clothing,86.68,8,34.67,728.11,1/24/2019,693.44,666.82
GRC-ELE-025,Greene City,Normal,Male,Electronics,22.95,10,11.48,240.98,2/6/2019,229.5,218.51
OLI-FBV-040,Olinger,Normal,Female,Food and beverages,16.31,9,7.34,154.13,3/26/2019,146.79,142.93
CAR-HML-040,Carbon Creek,Normal,Female,Home and lifestyle,28.32,5,7.08,148.68,3/11/2019,141.6,136.01
OLI-HML-027,Olinger,Normal,Male,Home and lifestyle,16.67,7,5.83,122.52,2/7/2019,116.69,112.6
GRC-CLO-036,Greene City,Member,Female,Clothing,73.96,1,3.7,77.66,1/5/2019,73.96,72.5
CAR-HML-041,Carbon Creek,Normal,Male,Home and lifestyle,97.94,1,4.9,102.84,3/7/2019,97.94,92.78
CAR-CLO-019,Carbon Creek,Normal,Female,Clothing,73.05,4,14.61,306.81,2/25/2019,292.2,286.11
OLI-FBV-041,Olinger,Member,Female,Food and beverages,87.48,6,26.24,551.12,2/1/2019,524.88,505.59
CAR-HML-042,Carbon Creek,Normal,Male,Home and lifestyle,30.68,3,4.6,96.64,1/22/2019,92.04,88.89
OLI-HBE-024,Olinger,Member,Male,Health and beauty,75.88,1,3.79,79.67,1/3/2019,75.88,72.59
GRC-STR-036,Greene City,Member,Female,Sports and travel,20.18,4,4.04,84.76,2/13/2019,80.72,77.25
OLI-ELE-033,Olinger,Member,Male,Electronics,18.77,6,5.63,118.25,1/28/2019,112.62,106.57
GRC-FBV-025,Greene City,Normal,Female,Food and beverages,71.2,1,3.56,74.76,1/5/2019,71.2,67.28
GRC-HML-023,Greene City,Member,Male,Home and lifestyle,38.81,4,7.76,163,3/19/2019,155.24,147.17
CAR-CLO-020,Carbon Creek,Normal,Female,Clothing,29.42,10,14.71,308.91,1/12/2019,294.2,277.97
CAR-STR-035,Carbon Creek,Normal,Male,Sports and travel,60.95,9,27.43,575.98,1/7/2019,548.55,533.18
GRC-STR-037,Greene City,Normal,Female,Sports and travel,51.54,5,12.89,270.59,1/26/2019,257.7,250.38
CAR-ELE-034,Carbon Creek,Normal,Female,Electronics,66.06,6,19.82,416.18,1/23/2019,396.36,374.6
GRC-CLO-037,Greene City,Normal,Male,Clothing,57.27,3,8.59,180.4,2/9/2019,171.81,167.02
GRC-CLO-038,Greene City,Normal,Female,Clothing,54.31,9,24.44,513.23,2/22/2019,488.79,477.43
GRC-HBE-030,Greene City,Normal,Female,Health and beauty,58.24,9,26.21,550.37,2/5/2019,524.16,501.08
OLI-ELE-034,Olinger,Normal,Male,Electronics,22.21,6,6.66,139.92,3/7/2019,133.26,127.59
CAR-ELE-035,Carbon Creek,Member,Male,Electronics,19.32,7,6.76,142,3/25/2019,135.24,129.09
GRC-HML-024,Greene City,Normal,Male,Home and lifestyle,37.48,3,5.62,118.06,1/20/2019,112.44,109.73
GRC-CLO-039,Greene City,Member,Female,Clothing,72.04,2,7.2,151.28,2/4/2019,144.08,136.94
OLI-FBV-042,Olinger,Member,Female,Food and beverages,98.52,10,49.26,1034.46,1/30/2019,985.2,945.87
CAR-FBV-027,Carbon Creek,Member,Male,Food and beverages,41.66,6,12.5,262.46,1/2/2019,249.96,240.97
CAR-HML-043,Carbon Creek,Member,Female,Home and lifestyle,72.42,3,10.86,228.12,3/29/2019,217.26,209.2
GRC-ELE-026,Greene City,Normal,Male,Electronics,21.58,9,9.71,203.93,3/14/2019,194.22,183.65
OLI-FBV-043,Olinger,Normal,Male,Food and beverages,89.2,10,44.6,936.6,2/11/2019,892,859.27
GRC-ELE-027,Greene City,Normal,Female,Electronics,42.42,8,16.97,356.33,1/30/2019,339.36,331.61
CAR-ELE-036,Carbon Creek,Member,Male,Electronics,74.51,6,22.35,469.41,3/20/2019,447.06,433.7
GRC-CLO-040,Greene City,Normal,Male,Clothing,99.25,2,9.93,208.43,3/20/2019,198.5,192.16
CAR-FBV-028,Carbon Creek,Normal,Female,Food and beverages,81.21,10,40.61,852.71,1/17/2019,812.1,782.54
OLI-STR-026,Olinger,Normal,Female,Sports and travel,49.33,10,24.67,517.97,2/3/2019,493.3,466.05
CAR-CLO-021,Carbon Creek,Normal,Female,Clothing,65.74,9,29.58,621.24,1/1/2019,591.66,577.55
GRC-CLO-041,Greene City,Normal,Female,Clothing,79.86,7,27.95,586.97,1/10/2019,559.02,529.35
OLI-STR-027,Olinger,Normal,Female,Sports and travel,73.98,7,25.89,543.75,3/2/2019,517.86,495.93
GRC-HML-025,Greene City,Member,Female,Home and lifestyle,82.04,5,20.51,430.71,2/25/2019,410.2,390.93
GRC-STR-038,Greene City,Member,Male,Sports and travel,26.67,10,13.34,280.04,1/29/2019,266.7,255.78
CAR-FBV-029,Carbon Creek,Member,Male,Food and beverages,10.13,7,3.55,74.46,3/10/2019,70.91,69.15
GRC-FBV-026,Greene City,Normal,Male,Food and beverages,72.39,2,7.24,152.02,1/13/2019,144.78,141.47
CAR-STR-036,Carbon Creek,Normal,Male,Sports and travel,85.91,5,21.48,451.03,3/22/2019,429.55,419.97
GRC-CLO-042,Greene City,Member,Male,Clothing,81.31,7,28.46,597.63,3/1/2019,569.17,540.67
GRC-FBV-027,Greene City,Normal,Male,Food and beverages,60.3,4,12.06,253.26,2/20/2019,241.2,228.51
OLI-FBV-044,Olinger,Normal,Male,Food and beverages,31.77,4,6.35,133.43,1/14/2019,127.08,121.14
CAR-HBE-028,Carbon Creek,Normal,Female,Health and beauty,64.27,4,12.85,269.93,3/26/2019,257.08,249.45
GRC-HBE-031,Greene City,Normal,Male,Health and beauty,69.51,2,6.95,145.97,3/1/2019,139.02,131.26
OLI-FBV-045,Olinger,Normal,Male,Food and beverages,27.22,3,4.08,85.74,1/7/2019,81.66,77.5
CAR-HBE-029,Carbon Creek,Member,Female,Health and beauty,77.68,4,15.54,326.26,2/1/2019,310.72,296.85
OLI-CLO-038,Olinger,Member,Female,Clothing,92.98,2,9.3,195.26,2/13/2019,185.96,180.17
GRC-CLO-043,Greene City,Member,Female,Clothing,18.08,4,3.62,75.94,1/14/2019,72.32,70.66
GRC-STR-039,Greene City,Normal,Male,Sports and travel,63.06,3,9.46,198.64,1/19/2019,189.18,184.87
CAR-HBE-030,Carbon Creek,Normal,Male,Health and beauty,51.71,4,10.34,217.18,3/9/2019,206.84,195.25
CAR-FBV-030,Carbon Creek,Normal,Female,Food and beverages,52.34,3,7.85,164.87,3/27/2019,157.02,152.85
CAR-STR-037,Carbon Creek,Normal,Female,Sports and travel,43.06,5,10.77,226.07,2/4/2019,215.3,207.53
OLI-CLO-039,Olinger,Normal,Male,Clothing,59.61,10,29.81,625.91,3/14/2019,596.1,570.69
CAR-HBE-031,Carbon Creek,Normal,Male,Health and beauty,14.62,5,3.66,76.76,3/4/2019,73.1,69.35
OLI-HBE-025,Olinger,Member,Male,Health and beauty,46.53,6,13.96,,3/3/2019,279.18,264.93
OLI-HML-028,Olinger,Member,Female,Home and lifestyle,24.24,7,8.48,178.16,1/27/2019,169.68,165.08
CAR-STR-038,Carbon Creek,Member,Female,Sports and travel,45.58,1,2.28,47.86,2/7/2019,45.58,44.53
CAR-STR-039,Carbon Creek,Member,Female,Sports and travel,75.2,3,11.28,236.88,2/5/2019,225.6,214.83
GRC-STR-040,Greene City,Member,Male,Sports and travel,96.8,3,14.52,304.92,3/15/2019,290.4,279.86
GRC-HBE-032,Greene City,Normal,Male,Health and beauty,14.82,3,2.22,46.68,3/1/2019,44.46,42.95
CAR-FBV-031,Carbon Creek,Normal,Male,Food and beverages,52.2,3,7.83,164.43,2/15/2019,156.6,152.47
OLI-STR-028,Olinger,Normal,Female,Sports and travel,46.66,9,21,440.94,2/17/2019,419.94,409.27
OLI-CLO-040,Olinger,Normal,Female,Clothing,36.85,5,9.21,193.46,1/26/2019,184.25,175
CAR-HML-044,Carbon Creek,Member,Female,Home and lifestyle,70.32,2,7.03,147.67,3/24/2019,140.64,137.53
OLI-ELE-035,Olinger,Normal,Male,Electronics,83.08,1,4.15,87.23,1/23/2019,83.08,79.99
OLI-CLO-041,Olinger,Normal,Female,Clothing,64.99,1,3.25,68.24,1/26/2019,64.99,62.03
OLI-FBV-046,Olinger,Normal,Male,Food and beverages,77.56,10,38.78,814.38,3/14/2019,775.6,758.95
GRC-STR-041,Greene City,Normal,Female,Sports and travel,54.51,6,16.35,343.41,3/17/2019,327.06,308.98
OLI-CLO-042,Olinger,Member,Female,Clothing,51.89,7,18.16,381.39,1/8/2019,363.23,352.51
GRC-HML-026,Greene City,Normal,Male,Home and lifestyle,31.75,4,6.35,133.35,2/8/2019,127,122.46
CAR-CLO-022,Carbon Creek,Member,Female,Clothing,53.65,7,18.78,394.33,2/10/2019,375.55,367.42
OLI-FBV-047,Olinger,Member,Female,Food and beverages,49.79,4,9.96,209.12,3/28/2019,199.16,195.03
CAR-CLO-023,Carbon Creek,Normal,Male,Clothing,30.61,1,1.53,32.14,1/23/2019,30.61,29.72
GRC-FBV-028,Greene City,Member,Male,Food and beverages,57.89,2,5.79,121.57,1/17/2019,115.78,109.56
CAR-ELE-037,Carbon Creek,Normal,Female,Electronics,28.96,1,1.45,30.41,2/7/2019,28.96,28.24
OLI-FBV-048,Olinger,Member,Female,Food and beverages,98.97,9,44.54,935.27,3/9/2019,890.73,865.75
GRC-CLO-044,Greene City,Member,Male,Clothing,93.22,3,13.98,293.64,1/24/2019,279.66,265.13
OLI-STR-029,Olinger,Member,Male,Sports and travel,80.93,1,4.05,84.98,1/19/2019,80.93,79.23
CAR-FBV-032,Carbon Creek,Member,Male,Food and beverages,67.45,10,33.73,708.23,2/3/2019,674.5,638.55
CAR-STR-040,Carbon Creek,Member,Female,Sports and travel,38.72,9,17.42,365.9,3/20/2019,348.48,328.81
GRC-STR-042,Greene City,Member,Male,Sports and travel,72.6,6,21.78,457.38,1/13/2019,435.6,424.49
OLI-ELE-036,Olinger,Member,Male,Electronics,87.91,5,21.98,461.53,3/14/2019,439.55,418.31
CAR-FBV-033,Carbon Creek,Member,Male,Food and beverages,98.53,6,29.56,620.74,1/23/2019,591.18,567.19
OLI-CLO-043,Olinger,Member,Female,Clothing,43.46,6,13.04,273.8,2/7/2019,260.76,252.94
CAR-FBV-034,Carbon Creek,Normal,Female,Food and beverages,71.68,3,10.75,225.79,3/28/2019,215.04,204.28
CAR-FBV-035,Carbon Creek,Member,Female,Food and beverages,91.61,1,4.58,96.19,3/20/2019,91.61,86.54
GRC-HML-027,Greene City,Member,Female,Home and lifestyle,94.59,7,33.11,695.24,1/17/2019,662.13,638.64
GRC-CLO-045,Greene City,Normal,Female,Clothing,83.25,10,41.63,874.13,1/12/2019,832.5,789.44
GRC-CLO-046,Greene City,Member,Male,Clothing,91.35,1,4.57,95.92,2/16/2019,91.35,87.28
GRC-FBV-029,Greene City,Member,Female,Food and beverages,78.88,2,7.89,165.65,1/26/2019,157.76,149.48
CAR-STR-041,Carbon Creek,Normal,Male,Sports and travel,60.87,2,6.09,127.83,3/9/2019,121.74,117.04
GRC-HBE-033,Greene City,Member,Male,Health and beauty,82.58,10,41.29,867.09,3/14/2019,825.8,784.04
CAR-HML-045,Carbon Creek,Member,Male,Home and lifestyle,53.3,3,8,167.9,1/25/2019,159.9,151.75
CAR-CLO-024,Carbon Creek,Normal,Female,Clothing,12.09,1,0.6,12.69,1/26/2019,12.09,11.44
CAR-STR-042,Carbon Creek,Normal,Male,Sports and travel,64.19,10,32.1,674,1/19/2019,641.9,628.56
CAR-ELE-038,Carbon Creek,Normal,Male,Electronics,78.31,3,11.75,246.68,3/5/2019,234.93,226.26
CAR-FBV-036,Carbon Creek,Member,Male,Food and beverages,83.77,2,8.38,175.92,1/15/2019,167.54,159.72
GRC-HML-028,Greene City,Normal,Male,Home and lifestyle,99.7,3,14.96,314.06,3/18/2019,299.1,291.51
GRC-FBV-030,Greene City,Member,Male,Food and beverages,79.91,3,11.99,251.72,3/20/2019,239.73,234.3
GRC-HBE-034,Greene City,Member,Male,Health and beauty,66.47,10,33.24,697.94,1/15/2019,664.7,633.46
CAR-HBE-032,Carbon Creek,Normal,Male,Health and beauty,28.95,7,10.13,212.78,3/3/2019,202.65,193.85
OLI-ELE-037,Olinger,Normal,Female,Electronics,46.2,1,2.31,48.51,3/19/2019,46.2,44.89
GRC-FBV-031,Greene City,Member,Female,Food and beverages,17.63,5,4.41,92.56,3/8/2019,88.15,85.78
GRC-CLO-047,Greene City,Normal,Male,Clothing,52.42,3,7.86,165.12,2/27/2019,157.26,150.54
GRC-FBV-032,Greene City,Member,Female,Food and beverages,98.79,3,14.82,311.19,2/23/2019,296.37,284.95
OLI-ELE-038,Olinger,Member,Female,Electronics,88.55,8,35.42,743.82,3/19/2019,708.4,693.38
GRC-ELE-028,Greene City,Member,Male,Electronics,55.67,2,5.57,116.91,3/27/2019,111.34,107.38
OLI-FBV-049,Olinger,Member,Female,Food and beverages,72.52,0,29.01,609.17,3/30/2019,580.16,559.08
OLI-ELE-039,Olinger,Member,Male,Electronics,12.05,5,3.01,63.26,2/16/2019,60.25,58.11
CAR-HML-046,Carbon Creek,Member,Male,Home and lifestyle,19.36,9,8.71,182.95,1/18/2019,174.24,166.89
OLI-HBE-026,Olinger,Normal,Male,Health and beauty,70.21,6,21.06,442.32,3/30/2019,421.26,406.77
GRC-CLO-048,Greene City,Member,Male,Clothing,33.63,1,1.68,35.31,3/20/2019,33.63,31.97
OLI-STR-030,Olinger,Member,Female,Sports and travel,15.49,2,1.55,32.53,1/16/2019,30.98,29.76
OLI-ELE-040,Olinger,Normal,Male,Electronics,24.74,10,12.37,259.77,2/24/2019,247.4,237.78
GRC-ELE-029,Greene City,Normal,Male,Electronics,75.66,5,18.92,397.22,1/15/2019,378.3,363.83
GRC-HBE-035,Greene City,Normal,Female,Health and beauty,55.81,6,16.74,351.6,1/22/2019,334.86,323.5
CAR-HML-047,Carbon Creek,Member,Male,Home and lifestyle,72.78,10,36.39,764.19,2/3/2019,727.8,694.22
GRC-STR-043,Greene City,Member,Male,Sports and travel,37.32,9,16.79,352.67,3/6/2019,335.88,318.44
GRC-CLO-049,Greene City,Member,Male,Clothing,60.18,4,12.04,252.76,2/16/2019,240.72,227.58
CAR-ELE-039,Carbon Creek,Normal,Female,Electronics,15.69,3,2.35,49.42,3/14/2019,47.07,44.46
OLI-ELE-041,Olinger,Normal,Female,Electronics,99.69,1,4.98,104.67,2/27/2019,99.69,95.41
CAR-CLO-025,Carbon Creek,Member,Female,Clothing,88.15,3,13.22,277.67,1/18/2019,264.45,250.19
CAR-STR-043,Carbon Creek,Member,Female,Sports and travel,27.93,5,6.98,146.63,1/29/2019,139.65,133.27
CAR-CLO-026,Carbon Creek,Member,Male,Clothing,55.45,1,2.77,58.22,2/26/2019,55.45,53.39
GRC-STR-044,Greene City,Normal,Female,Sports and travel,42.97,3,6.45,135.36,2/3/2019,128.91,121.94
OLI-STR-031,Olinger,Member,Male,Sports and travel,17.14,7,6,125.98,1/16/2019,119.98,114.19
GRC-CLO-050,Greene City,Member,Female,Clothing,58.75,6,17.63,370.13,3/24/2019,352.5,337.16
OLI-FBV-050,Olinger,Member,Female,Food and beverages,87.1,10,43.55,914.55,2/12/2019,871,848.01
OLI-STR-032,Olinger,Normal,Female,Sports and travel,98.8,2,9.88,207.48,2/21/2019,197.6,187.39
CAR-CLO-027,Carbon Creek,Normal,Female,Clothing,48.63,4,9.73,204.25,2/4/2019,194.52,186.15
GRC-FBV-033,Greene City,Member,Male,Food and beverages,57.74,3,8.66,181.88,2/20/2019,173.22,166.27
GRC-HBE-036,Greene City,Normal,Female,Health and beauty,17.97,4,3.59,75.47,2/23/2019,71.88,68.02
OLI-HBE-027,Olinger,Member,Female,Health and beauty,47.71,6,14.31,300.57,2/16/2019,286.26,272.08
GRC-STR-045,Greene City,Normal,Female,Sports and travel,40.62,2,4.06,85.3,1/17/2019,81.24,77.61
CAR-CLO-028,Carbon Creek,Member,Male,Clothing,56.04,10,28.02,588.42,1/14/2019,560.4,539.55
GRC-FBV-034,Greene City,Member,Male,Food and beverages,93.4,2,9.34,196.14,3/30/2019,186.8,181.26
GRC-HBE-037,Greene City,Normal,Female,Health and beauty,73.41,3,11.01,231.24,3/2/2019,220.23,212.69
OLI-HBE-028,Olinger,Normal,Male,Health and beauty,33.64,8,13.46,282.58,2/15/2019,269.12,260.7
CAR-ELE-040,Carbon Creek,Normal,Female,Electronics,45.48,10,22.74,477.54,3/1/2019,454.8,429.22
GRC-CLO-051,Greene City,Member,Male,Clothing,83.77,2,8.38,175.92,2/24/2019,167.54,160.34
GRC-STR-046,Greene City,Member,Female,Sports and travel,64.08,7,22.43,470.99,2/19/2019,448.56,437.3
CAR-FBV-037,Carbon Creek,Member,Female,Food and beverages,73.47,4,14.69,308.57,2/23/2019,293.88,285.44
OLI-HBE-029,Olinger,Normal,Male,Health and beauty,58.95,10,29.48,618.98,2/7/2019,589.5,575.05
CAR-FBV-038,Carbon Creek,Member,Male,Food and beverages,48.5,6,14.55,305.55,1/11/2019,291,282.94
GRC-ELE-030,Greene City,Member,Female,Electronics,39.48,1,1.97,41.45,2/12/2019,39.48,37.84
GRC-STR-047,Greene City,Normal,Female,Sports and travel,34.81,1,1.74,36.55,1/14/2019,34.81,34.09
OLI-CLO-044,Olinger,Normal,Female,Clothing,49.32,6,14.8,310.72,1/9/2019,295.92,289.55
CAR-CLO-029,Carbon Creek,Member,Male,Clothing,21.48,2,2.15,45.11,2/27/2019,42.96,40.77
GRC-STR-048,Greene City,Member,Female,Sports and travel,23.08,6,6.92,145.4,1/24/2019,138.48,133.89
GRC-HML-029,Greene City,Member,Female,Home and lifestyle,49.1,2,4.91,103.11,1/8/2019,98.2,94.25
GRC-STR-049,Greene City,Member,Female,Sports and travel,64.83,2,6.48,136.14,1/8/2019,129.66,125.5
CAR-HML-048,Carbon Creek,Member,Male,Home and lifestyle,63.56,10,31.78,667.38,1/16/2019,635.6,619.36
OLI-STR-033,Olinger,Member,Male,Sports and travel,72.88,2,7.29,153.05,3/13/2019,145.76,138.42
CAR-FBV-039,Carbon Creek,Normal,Female,Food and beverages,67.1,3,10.07,211.37,2/15/2019,201.3,193.81
OLI-STR-034,Olinger,Member,Female,Sports and travel,70.19,9,31.59,663.3,1/25/2019,631.71,598.87
OLI-FBV-051,Olinger,Member,Male,Food and beverages,55.04,7,19.26,404.54,3/12/2019,385.28,364.19
CAR-HBE-033,Carbon Creek,Member,Male,Health and beauty,48.63,10,24.32,510.62,3/4/2019,486.3,467.02
OLI-CLO-045,Olinger,Member,Female,Clothing,73.38,7,25.68,539.34,2/10/2019,513.66,492.01
OLI-FBV-052,Olinger,Normal,Female,Food and beverages,52.6,9,23.67,497.07,1/16/2019,473.4,460.28
CAR-HML-049,Carbon Creek,Member,Female,Home and lifestyle,87.37,5,21.84,458.69,1/29/2019,436.85,426.7
CAR-STR-044,Carbon Creek,Member,Female,Sports and travel,27.04,4,5.41,113.57,1/1/2019,108.16,102.86
GRC-HML-030,Greene City,Normal,Male,Home and lifestyle,62.19,4,12.44,261.2,1/6/2019,248.76,237.86
CAR-ELE-041,Carbon Creek,Member,Male,Electronics,69.58,9,31.31,657.53,2/19/2019,626.22,598.9
OLI-HML-029,Olinger,Normal,Male,Home and lifestyle,97.5,10,48.75,1023.75,1/12/2019,975,950.07
OLI-CLO-046,Olinger,Normal,Female,Clothing,60.41,8,24.16,507.44,2/7/2019,483.28,460.17
GRC-FBV-035,Greene City,Normal,Male,Food and beverages,32.32,3,4.85,101.81,3/27/2019,96.96,91.92
GRC-CLO-052,Greene City,Member,Female,Clothing,19.77,10,9.89,207.59,2/27/2019,197.7,192.21
GRC-HBE-038,Greene City,Member,Male,Health and beauty,80.47,9,36.21,760.44,1/6/2019,724.23,694.39
GRC-HML-031,Greene City,Member,Female,Home and lifestyle,88.39,9,39.78,835.29,3/2/2019,795.51,762.18
GRC-HBE-039,Greene City,Normal,Male,Health and beauty,71.77,7,25.12,527.51,3/29/2019,502.39,484.85
GRC-ELE-031,Greene City,Normal,Female,Electronics,43,4,8.6,180.6,1/31/2019,172,162.64
OLI-FBV-053,Olinger,Member,Male,Food and beverages,68.98,1,3.45,72.43,1/21/2019,68.98,66.49
OLI-CLO-047,Olinger,Normal,Male,Clothing,15.62,8,6.25,131.21,1/20/2019,124.96,120.39
CAR-STR-045,Carbon Creek,Normal,Male,Sports and travel,25.7,3,3.86,80.96,1/17/2019,77.1,73.5
CAR-FBV-040,Carbon Creek,Member,Male,Food and beverages,80.62,6,24.19,507.91,2/28/2019,483.72,461.07
OLI-HML-030,Olinger,Member,Female,Home and lifestyle,75.53,4,15.11,317.23,3/19/2019,302.12,294.3
OLI-ELE-042,Olinger,Normal,Female,Electronics,77.63,9,34.93,733.6,2/19/2019,698.67,680.48
OLI-HBE-030,Olinger,Normal,Female,Health and beauty,13.85,9,6.23,130.88,2/4/2019,124.65,118
OLI-CLO-048,Olinger,Member,Male,Clothing,98.7,8,39.48,829.08,1/31/2019,789.6,748.78
CAR-HBE-034,Carbon Creek,Normal,Female,Health and beauty,35.68,5,8.92,187.32,2/6/2019,178.4,170.1
CAR-CLO-030,Carbon Creek,Member,Female,Clothing,71.46,7,25.01,525.23,3/28/2019,500.22,475.76
CAR-ELE-042,Carbon Creek,Member,Male,Electronics,11.94,3,1.79,37.61,1/19/2019,35.82,34.75
CAR-CLO-031,Carbon Creek,Normal,Male,Clothing,45.38,3,6.81,142.95,2/17/2019,136.14,129.19
GRC-CLO-053,Greene City,Member,Female,Clothing,17.48,6,5.24,110.12,1/18/2019,104.88,99.3
GRC-CLO-054,Greene City,Normal,Female,Clothing,25.56,7,8.95,187.87,2/2/2019,178.92,170.58
OLI-STR-035,Olinger,Member,Female,Sports and travel,90.63,9,40.78,856.45,1/18/2019,815.67,785.63
GRC-HML-032,Greene City,Normal,Male,Home and lifestyle,44.12,3,6.62,138.98,3/18/2019,132.36,128.59
OLI-FBV-054,Olinger,Member,Female,Food and beverages,36.77,7,12.87,270.26,1/11/2019,257.39,243.16
GRC-FBV-036,Greene City,Member,Male,Food and beverages,23.34,4,4.67,98.03,2/4/2019,93.36,90.1
OLI-HBE-031,Olinger,Member,Female,Health and beauty,28.5,8,11.4,239.4,2/6/2019,228,218.51
OLI-HML-031,Olinger,Member,Male,Home and lifestyle,55.57,3,8.34,175.05,1/8/2019,166.71,157.66
GRC-STR-050,Greene City,Normal,Male,Sports and travel,69.74,10,34.87,732.27,3/5/2019,697.4,660.45
OLI-CLO-049,Olinger,Normal,Male,Clothing,97.26,4,19.45,408.49,3/16/2019,389.04,374.72
GRC-HML-033,Greene City,Member,Female,Home and lifestyle,52.18,7,18.26,383.52,3/9/2019,365.26,351.86
CAR-CLO-032,Carbon Creek,Member,Female,Clothing,22.32,4,4.46,93.74,3/1/2019,89.28,85.38
CAR-HBE-035,Carbon Creek,Normal,Male,Health and beauty,56,3,8.4,176.4,2/28/2019,168,160.02
CAR-CLO-033,Carbon Creek,Member,Male,Clothing,19.7,1,0.99,20.69,2/8/2019,19.7,18.91
GRC-ELE-032,Greene City,Normal,Male,Electronics,75.88,7,26.56,557.72,1/24/2019,531.16,519.87
GRC-FBV-037,Greene City,Member,Male,Food and beverages,53.72,1,2.69,56.41,3/1/2019,53.72,52.51
OLI-HBE-032,Olinger,Member,Male,Health and beauty,81.95,10,40.98,860.48,3/10/2019,819.5,791.85
OLI-HML-032,Olinger,Member,Female,Home and lifestyle,81.2,7,28.42,596.82,3/23/2019,568.4,539.44
OLI-ELE-043,Olinger,Normal,Male,Electronics,58.76,10,29.38,616.98,1/29/2019,587.6,566.7
GRC-ELE-033,Greene City,Member,Male,Electronics,91.56,8,36.62,769.1,1/12/2019,732.48,702.81
CAR-HML-050,Carbon Creek,Normal,Male,Home and lifestyle,93.96,9,42.28,887.92,3/20/2019,845.64,804.6
OLI-HML-033,Olinger,Normal,Male,Home and lifestyle,55.61,7,19.46,408.73,3/23/2019,389.27,376.2
OLI-FBV-055,Olinger,Normal,Male,Food and beverages,84.83,1,4.24,89.07,1/14/2019,84.83,80.98
CAR-STR-046,Carbon Creek,Member,Female,Sports and travel,71.63,2,7.16,150.42,2/12/2019,143.26,136.71
CAR-HML-051,Carbon Creek,Member,Male,Home and lifestyle,37.69,2,3.77,79.15,2/20/2019,75.38,72.47
OLI-STR-036,Olinger,Member,Female,Sports and travel,31.67,8,12.67,266.03,1/2/2019,253.36,247.31
OLI-FBV-056,Olinger,Member,Female,Food and beverages,38.42,-1,1.92,40.34,2/2/2019,38.42,37.32
GRC-CLO-055,Greene City,Member,Male,Clothing,65.23,10,32.62,684.92,1/8/2019,652.3,620.73
OLI-HML-034,Olinger,Member,Female,Home and lifestyle,10.53,5,2.63,55.28,1/30/2019,52.65,50.22
GRC-HML-034,Greene City,Member,Female,Home and lifestyle,12.29,9,5.53,116.14,3/26/2019,110.61,104.51
OLI-HBE-033,Olinger,Member,Male,Health and beauty,81.23,7,28.43,597.04,1/15/2019,568.61,556.23
GRC-CLO-056,Greene City,Member,Female,Clothing,22.32,4,4.46,93.74,3/14/2019,89.28,84.48
CAR-FBV-041,Carbon Creek,Normal,Female,Food and beverages,27.28,5,6.82,143.22,2/3/2019,136.4,129.17
CAR-ELE-043,Carbon Creek,Member,Female,Electronics,17.42,10,8.71,182.91,2/22/2019,174.2,170.62
GRC-HML-035,Greene City,Normal,Male,Home and lifestyle,73.28,5,18.32,384.72,1/24/2019,366.4,358.23
OLI-CLO-050,Olinger,Member,Female,Clothing,84.87,3,12.73,267.34,1/25/2019,254.61,243.26
CAR-CLO-034,Carbon Creek,Normal,Female,Clothing,97.29,8,38.92,817.24,3/9/2019,778.32,751.32
GRC-ELE-034,Greene City,Member,Female,Electronics,35.74,8,14.3,300.22,2/17/2019,285.92,272.91
CAR-HML-052,Carbon Creek,Normal,Female,Home and lifestyle,96.52,6,28.96,608.08,1/11/2019,579.12,564.21
CAR-FBV-042,Carbon Creek,Member,Male,Food and beverages,18.85,10,9.43,197.93,2/27/2019,188.5,179.06
CAR-FBV-043,Carbon Creek,Normal,Female,Food and beverages,55.39,4,11.08,232.64,3/25/2019,221.56,215.42
GRC-FBV-038,Greene City,Member,Female,Food and beverages,77.2,10,38.6,810.6,2/11/2019,772,754.02
GRC-ELE-035,Greene City,Normal,Male,Electronics,72.13,10,36.07,757.37,1/31/2019,721.3,703.54
CAR-CLO-035,Carbon Creek,Member,Female,Clothing,63.88,8,25.55,536.59,1/20/2019,511.04,494.65
CAR-HBE-036,Carbon Creek,Member,Female,Health and beauty,10.69,5,2.67,56.12,3/26/2019,53.45,52.28
CAR-HBE-037,Carbon Creek,Member,Male,Health and beauty,55.5,4,11.1,233.1,1/20/2019,222,211.22
GRC-HML-036,Greene City,Normal,Female,Home and lifestyle,95.46,8,38.18,801.86,3/5/2019,763.68,739.38
OLI-CLO-051,Olinger,Normal,Female,Clothing,76.06,3,11.41,239.59,1/5/2019,228.18,221.59
GRC-STR-051,Greene City,Normal,Male,Sports and travel,13.69,6,4.11,86.25,2/13/2019,82.14,77.78
GRC-ELE-036,Greene City,Normal,Female,Electronics,95.64,4,19.13,401.69,3/16/2019,382.56,369.75
CAR-HML-053,Carbon Creek,Normal,Female,Home and lifestyle,11.43,6,3.43,72.01,1/15/2019,68.58,65.03
GRC-STR-052,Greene City,Member,Female,Sports and travel,95.54,4,19.11,401.27,2/26/2019,382.16,363.76
OLI-HBE-034,Olinger,Member,Female,Health and beauty,85.87,7,30.05,631.14,2/27/2019,601.09,570.2
OLI-STR-037,Olinger,Member,Female,Sports and travel,67.99,7,23.8,499.73,2/17/2019,475.93,456.03
OLI-FBV-057,Olinger,Normal,Female,Food and beverages,52.42,1,2.62,55.04,2/6/2019,52.42,49.96
OLI-FBV-058,Olinger,Member,Male,Food and beverages,65.65,2,6.57,137.87,1/17/2019,131.3,128.46
GRC-FBV-039,Greene City,Normal,Female,Food and beverages,28.86,5,7.22,151.52,1/22/2019,144.3,138.98
OLI-HBE-035,Olinger,Member,Male,Health and beauty,65.31,7,22.86,480.03,3/5/2019,457.17,442.09
GRC-STR-053,Greene City,Normal,Male,Sports and travel,93.38,1,4.67,98.05,1/3/2019,93.38,89.51
OLI-STR-038,Olinger,Member,Male,Sports and travel,25.25,5,6.31,132.56,3/20/2019,126.25,121.84
GRC-ELE-037,Greene City,Member,Male,Electronics,87.87,9,39.54,830.37,1/31/2019,790.83,748.79
OLI-HBE-036,Olinger,Normal,Male,Health and beauty,21.8,8,8.72,183.12,2/19/2019,174.4,165.42
CAR-STR-047,Carbon Creek,Normal,Female,Sports and travel,94.76,4,18.95,397.99,2/11/2019,379.04,370.14
CAR-CLO-036,Carbon Creek,Member,Female,Clothing,30.62,1,1.53,32.15,2/5/2019,30.62,29.05
OLI-HML-035,Olinger,Normal,Female,Home and lifestyle,44.01,8,17.6,369.68,3/3/2019,352.08,341.24
OLI-HBE-037,Olinger,Member,Female,Health and beauty,10.16,5,2.54,53.34,2/24/2019,50.8,48.31
CAR-ELE-044,Carbon Creek,Normal,Male,Electronics,74.58,7,26.1,548.16,2/4/2019,522.06,499.56
OLI-ELE-044,Olinger,Normal,Male,Electronics,71.89,8,28.76,603.88,2/19/2019,575.12,551.04
OLI-HBE-038,Olinger,Normal,,Health and beauty,10.99,5,2.75,57.7,1/23/2019,54.95,52.02
OLI-HBE-039,Olinger,Member,Male,Health and beauty,60.47,3,9.07,190.48,1/14/2019,181.41,175.7
CAR-STR-048,Carbon Creek,Normal,Male,Sports and travel,58.91,7,20.62,432.99,1/17/2019,412.37,403.82
CAR-CLO-037,Carbon Creek,Normal,Male,Clothing,46.41,1,2.32,48.73,3/3/2019,46.41,44.83
OLI-HBE-040,Olinger,Member,Male,Health and beauty,68.55,4,13.71,287.91,2/15/2019,274.2,260.24
GRC-HML-037,Greene City,Normal,Female,Home and lifestyle,97.37,10,48.69,1022.39,1/15/2019,973.7,933.57
CAR-ELE-045,Carbon Creek,Member,Male,Electronics,92.6,7,32.41,680.61,2/27/2019,648.2,632.92
CAR-ELE-046,Carbon Creek,Normal,Female,Electronics,46.61,2,4.66,97.88,2/26/2019,93.22,88.36
GRC-CLO-057,Greene City,Normal,Male,Clothing,27.18,2,2.72,57.08,3/15/2019,54.36,51.62
OLI-HML-036,Olinger,Member,Female,Home and lifestyle,60.87,1,3.04,63.91,1/24/2019,60.87,58.92
CAR-STR-049,Carbon Creek,Member,Female,Sports and travel,24.49,10,12.25,257.15,2/22/2019,244.9,233.9
GRC-HBE-040,Greene City,Normal,Male,Health and beauty,92.78,1,4.64,97.42,3/15/2019,92.78,87.53
OLI-HML-037,Olinger,Member,Male,Home and lifestyle,86.69,5,21.67,455.12,2/11/2019,433.45,415.47
GRC-STR-054,Greene City,Normal,Male,Sports and travel,23.01,6,6.9,144.96,1/12/2019,138.06,131.56
OLI-ELE-045,Olinger,Member,Female,Electronics,30.2,8,12.08,253.68,3/3/2019,241.6,233.45
OLI-CLO-052,Olinger,Member,Male,Clothing,67.39,7,23.59,495.32,3/23/2019,471.73,461.02
CAR-CLO-038,Carbon Creek,Member,Female,Clothing,48.96,9,22.03,462.67,3/4/2019,440.64,423.18
GRC-ELE-038,Greene City,Member,Female,Electronics,75.59,9,34.02,714.33,2/23/2019,680.31,643.45
CAR-HML-054,Carbon Creek,Normal,Female,Home and lifestyle,77.47,4,15.49,325.37,3/17/2019,309.88,294.61
CAR-STR-050,Carbon Creek,Normal,Female,Sports and travel,93.18,2,9.32,195.68,1/16/2019,186.36,180.75
CAR-ELE-047,Carbon Creek,Normal,Female,Electronics,50.23,4,10.05,210.97,1/8/2019,200.92,194.84
GRC-HBE-041,Greene City,Normal,Female,Health and beauty,17.75,1,0.89,18.64,1/14/2019,17.75,17.28
OLI-CLO-053,Olinger,Normal,Female,Clothing,62.18,10,31.09,652.89,1/31/2019,621.8,591.36
GRC-HBE-042,Greene City,Normal,Male,Health and beauty,10.75,8,4.3,90.3,3/15/2019,86,83.76
CAR-ELE-048,Carbon Creek,Normal,Female,Electronics,40.26,10,20.13,422.73,2/24/2019,402.6,392.41
OLI-STR-039,Olinger,Member,Female,Sports and travel,64.97,5,16.24,341.09,2/8/2019,324.85,315.89
CAR-ELE-049,Carbon Creek,Normal,Male,Electronics,95.15,1,4.76,99.91,3/22/2019,95.15,91.18
CAR-ELE-050,Carbon Creek,Member,Female,Electronics,48.62,8,19.45,408.41,1/24/2019,388.96,370.3
GRC-FBV-040,Greene City,Normal,Female,Food and beverages,53.21,8,21.28,446.96,3/14/2019,425.68,403.38
OLI-CLO-054,Olinger,Normal,Female,Clothing,45.44,7,15.9,333.98,1/23/2019,318.08,309.15
CAR-FBV-044,Carbon Creek,Normal,Male,Food and beverages,33.88,8,13.55,284.59,1/19/2019,271.04,262.59
GRC-HBE-043,Greene City,Member,Male,Health and beauty,96.16,4,19.23,403.87,1/27/2019,384.64,369.06
GRC-FBV-041,Greene City,Member,Male,Food and beverages,47.16,5,11.79,247.59,2/3/2019,235.8,228.47
GRC-ELE-039,Greene City,Normal,Male,Electronics,52.89,4,10.58,222.14,3/25/2019,211.56,207
CAR-HML-055,Carbon Creek,Member,Female,Home and lifestyle,47.68,2,4.77,100.13,2/24/2019,95.36,92.81
OLI-STR-040,Olinger,Member,Male,Sports and travel,10.17,1,0.51,10.68,2/7/2019,10.17,9.75
CAR-HBE-038,Carbon Creek,Normal,Female,Health and beauty,68.71,3,10.31,216.44,3/4/2019,206.13,197.12
GRC-STR-055,Greene City,Member,Female,Sports and travel,60.08,7,21.03,441.59,2/14/2019,420.56,409.09
CAR-STR-051,Carbon Creek,Member,Female,Sports and travel,22.01,4,4.4,92.44,1/29/2019,88.04,83.19
GRC-HBE-044,Greene City,Member,Female,Health and beauty,72.11,9,32.45,681.44,1/28/2019,648.99,621.47
CAR-CLO-039,Carbon Creek,Member,Male,Clothing,41.28,3,6.19,130.03,3/26/2019,123.84,119.34
OLI-ELE-046,Olinger,Normal,Male,Electronics,64.95,10,32.48,681.98,3/24/2019,649.5,618.58
CAR-ELE-051,Carbon Creek,Member,Female,Electronics,74.22,10,37.11,779.31,1/1/2019,742.2,713.95
CAR-ELE-052,Carbon Creek,Normal,Male,Electronics,10.56,8,4.22,88.7,1/24/2019,84.48,79.96
GRC-HBE-045,Greene City,Normal,Male,Health and beauty,62.57,4,12.51,262.79,2/25/2019,250.28,238.3
GRC-STR-056,Greene City,Member,Female,Sports and travel,11.85,8,4.74,99.54,1/9/2019,94.8,91.47
CAR-HBE-039,Carbon Creek,Member,Male,Health and beauty,91.3,1,4.57,95.87,2/14/2019,91.3,88.37
GRC-HML-038,Greene City,Member,Female,Home and lifestyle,40.73,7,14.26,299.37,3/12/2019,285.11,274.16
CAR-CLO-040,Carbon Creek,Normal,Male,Clothing,52.38,1,2.62,55,3/26/2019,52.38,50.56
CAR-CLO-041,Carbon Creek,Member,Male,Clothing,38.54,5,9.64,202.34,1/9/2019,192.7,188.03
GRC-STR-057,Greene City,Normal,Male,Sports and travel,44.63,6,13.39,281.17,1/2/2019,267.78,258.13
OLI-ELE-047,Olinger,Normal,Male,Electronics,55.87,10,27.94,586.64,1/15/2019,558.7,533.25
OLI-STR-041,Olinger,Member,Female,Sports and travel,29.22,6,8.77,184.09,1/1/2019,175.32,168.27
CAR-CLO-042,Carbon Creek,Normal,Male,Clothing,51.94,3,7.79,163.61,2/15/2019,155.82,151.79
GRC-ELE-040,Greene City,Normal,Male,Electronics,60.3,1,3.02,63.32,2/28/2019,60.3,58.09
CAR-STR-052,Carbon Creek,Member,Female,Sports and travel,39.47,2,3.95,82.89,3/2/2019,78.94,77.18
OLI-FBV-059,Olinger,Member,Female,Food and beverages,14.87,2,1.49,31.23,2/13/2019,29.74,28.21
CAR-CLO-043,Carbon Creek,Normal,Male,Clothing,21.32,1,1.07,22.39,1/26/2019,21.32,20.57
CAR-ELE-053,Carbon Creek,Member,Male,Electronics,93.78,3,14.07,295.41,1/30/2019,281.34,273.52
CAR-ELE-054,Carbon Creek,Member,Male,Electronics,73.26,1,3.66,76.92,1/27/2019,73.26,69.44
OLI-STR-042,Olinger,Normal,Female,Sports and travel,22.38,1,1.12,23.5,1/30/2019,22.38,21.53
OLI-FBV-060,Olinger,Member,Female,Food and beverages,72.88,9,32.8,688.72,1/8/2019,655.92,632.26
CAR-CLO-044,Carbon Creek,Normal,Female,Clothing,99.1,6,29.73,624.33,1/19/2019,594.6,571.03
CAR-CLO-045,Carbon Creek,Normal,Male,Clothing,74.1,1,3.71,77.81,1/25/2019,74.1,71.47
CAR-CLO-046,Carbon Creek,Normal,Female,Clothing,98.48,2,9.85,206.81,2/19/2019,196.96,187.28
OLI-HBE-041,Olinger,Normal,Male,Health and beauty,53.19,7,18.62,390.95,1/14/2019,372.33,363.51
GRC-ELE-041,Greene City,Normal,Female,Electronics,52.79,10,26.4,554.3,2/25/2019,527.9,502.63
CAR-HBE-040,Carbon Creek,Member,Female,Health and beauty,95.95,5,23.99,503.74,1/23/2019,479.75,462.91
GRC-CLO-058,Greene City,Normal,Female,Clothing,36.51,9,16.43,345.02,2/16/2019,328.59,317.71
GRC-FBV-042,Greene City,Normal,Male,Food and beverages,21.12,8,8.45,177.41,1/1/2019,168.96,161.19
CAR-HML-056,Carbon Creek,Member,Female,Home and lifestyle,28.31,4,5.66,118.9,3/7/2019,113.24,107.44
GRC-HBE-046,Greene City,Normal,Male,Health and beauty,57.59,6,17.28,362.82,2/15/2019,345.54,326.05
CAR-FBV-045,Carbon Creek,Member,Female,Food and beverages,47.63,9,21.43,450.1,1/23/2019,428.67,420.26
OLI-HML-038,Olinger,Member,Female,Home and lifestyle,86.27,1,4.31,90.58,2/20/2019,86.27,82.8
CAR-STR-053,Carbon Creek,Member,Male,Sports and travel,12.76,2,1.28,26.8,1/8/2019,25.52,24.61
GRC-HML-039,Greene City,Normal,Female,Home and lifestyle,11.28,9,5.08,106.6,3/17/2019,101.52,96.36
GRC-HML-040,Greene City,Normal,Female,Home and lifestyle,51.07,7,17.87,375.36,1/12/2019,357.49,337.57
CAR-ELE-055,Carbon Creek,Member,Female,Electronics,79.59,3,11.94,250.71,1/8/2019,238.77,231.03
OLI-HBE-042,Olinger,Member,Male,Health and beauty,33.81,3,5.07,106.5,1/26/2019,101.43,98.55
GRC-STR-058,Greene City,Member,Male,Sports and travel,90.53,8,36.21,760.45,3/15/2019,724.24,689.88
OLI-HBE-043,Olinger,Member,Female,Health and beauty,62.82,2,6.28,131.92,1/17/2019,125.64,122.13
OLI-FBV-061,Olinger,Member,Male,Food and beverages,24.31,3,3.65,76.58,1/8/2019,72.93,70.93
CAR-STR-054,Carbon Creek,Normal,Male,Sports and travel,64.59,4,12.92,271.28,1/6/2019,258.36,253.01
CAR-FBV-046,Carbon Creek,Member,Male,Food and beverages,24.82,7,8.69,182.43,2/16/2019,173.74,165.63
OLI-CLO-055,Olinger,Normal,Male,Clothing,56.5,1,2.83,59.33,3/13/2019,56.5,53.44
GRC-ELE-042,Greene City,Member,Female,Electronics,21.43,10,10.72,225.02,1/28/2019,214.3,207.44
CAR-STR-055,Carbon Creek,Member,Male,Sports and travel,89.06,6,26.72,561.08,1/18/2019,534.36,517
CAR-HML-057,Carbon Creek,Member,Male,Home and lifestyle,23.29,4,4.66,97.82,3/19/2019,93.16,89.05
OLI-HML-039,Olinger,Normal,Male,Home and lifestyle,65.26,8,26.1,548.18,3/15/2019,,
OLI-CLO-056,Olinger,Member,Male,Clothing,52.35,1,2.62,54.97,2/12/2019,52.35,50.99
GRC-ELE-043,Greene City,Member,Male,Electronics,39.75,1,1.99,41.74,2/25/2019,39.75,38.81
CAR-ELE-056,Carbon Creek,Normal,Female,Electronics,90.02,8,36.01,756.17,3/21/2019,720.16,680.66
GRC-ELE-044,Greene City,Member,Female,Electronics,12.1,8,4.84,101.64,1/19/2019,96.8,92.16
GRC-FBV-043,Greene City,Member,Female,Food and beverages,33.21,10,16.61,348.71,1/8/2019,332.1,320.71
OLI-CLO-057,Olinger,Member,Female,Clothing,10.18,8,4.07,85.51,3/30/2019,81.44,79.19
GRC-STR-059,Greene City,Member,Male,Sports and travel,31.99,10,16,335.9,2/20/2019,319.9,313.09
CAR-HML-058,Carbon Creek,Member,Female,Home and lifestyle,34.42,6,10.33,216.85,3/30/2019,206.52,200.96
CAR-FBV-047,Carbon Creek,Member,Female,Food and beverages,83.34,2,8.33,175.01,3/19/2019,166.68,157.28
CAR-STR-056,Carbon Creek,Normal,Male,Sports and travel,45.58,7,15.95,335.01,1/13/2019,319.06,310.06
CAR-FBV-048,Carbon Creek,Member,Male,Food and beverages,87.9,1,4.4,92.3,2/5/2019,87.9,83.34
CAR-ELE-057,Carbon Creek,Member,Female,Electronics,73.47,10,36.74,771.44,3/23/2019,734.7,698.66
OLI-CLO-058,Olinger,Normal,Female,Clothing,12.19,8,4.88,102.4,3/13/2019,97.52,94.61
CAR-STR-057,Carbon Creek,Member,Male,Sports and travel,76.92,10,38.46,807.66,3/17/2019,769.2,745.13
OLI-HBE-044,Olinger,Normal,Female,Health and beauty,83.66,5,20.92,439.22,2/21/2019,418.3,397.7
GRC-ELE-045,Greene City,Normal,Female,Electronics,57.91,8,23.16,486.44,2/7/2019,463.28,441.41
OLI-CLO-059,Olinger,Member,Female,Clothing,92.49,5,23.12,485.57,3/2/2019,462.45,450.73
GRC-ELE-046,Greene City,Normal,Male,Electronics,28.38,5,7.1,149,3/6/2019,141.9,134.43
GRC-ELE-047,Greene City,Member,Male,Electronics,50.45,6,15.14,317.84,2/6/2019,302.7,296.36
GRC-HBE-047,Greene City,Normal,Male,Health and beauty,99.16,8,39.66,832.94,1/28/2019,793.28,761.1
OLI-CLO-060,Olinger,Normal,Male,Clothing,60.74,7,21.26,446.44,1/18/2019,425.18,403.05
OLI-FBV-062,Olinger,Member,Female,Food and beverages,47.27,6,14.18,297.8,2/5/2019,283.62,274.26
OLI-HBE-045,Olinger,Member,Male,Health and beauty,85.6,7,29.96,629.16,3/2/2019,599.2,573.74
CAR-FBV-049,Carbon Creek,Member,Male,Food and beverages,35.04,9,15.77,331.13,2/9/2019,315.36,299.51
OLI-ELE-048,Olinger,Member,Female,Electronics,44.84,9,20.18,423.74,1/14/2019,403.56,390.39
GRC-HML-041,Greene City,Normal,Male,Home and lifestyle,45.97,4,9.19,193.07,2/9/2019,183.88,178.05
CAR-HBE-041,Carbon Creek,Member,Female,Health and beauty,27.73,5,6.93,145.58,3/26/2019,138.65,132.7
CAR-FBV-050,Carbon Creek,Normal,Male,Food and beverages,11.53,7,4.04,84.75,1/28/2019,80.71,77.68
OLI-HBE-046,Olinger,Normal,Female,Health and beauty,58.32,2,5.83,122.47,2/14/2019,116.64,111.85
OLI-HML-040,Olinger,Member,Female,Home and lifestyle,78.38,4,15.68,329.2,3/24/2019,313.52,305.83
OLI-HBE-047,Olinger,Normal,Male,Health and beauty,84.61,10,42.31,888.41,2/9/2019,846.1,808.55
GRC-HBE-048,Greene City,Normal,Female,Health and beauty,82.88,5,20.72,435.12,3/24/2019,414.4,395.51
CAR-FBV-051,Carbon Creek,Member,Female,Food and beverages,79.54,2,7.95,167.03,3/27/2019,159.08,153.31
GRC-HML-042,Greene City,Normal,Female,Home and lifestyle,49.01,10,24.51,514.61,1/27/2019,490.1,466.78
GRC-FBV-044,Greene City,Member,Female,Food and beverages,29.15,3,4.37,91.82,3/27/2019,87.45,83.86
OLI-ELE-049,Olinger,Normal,Female,Electronics,56.13,4,11.23,235.75,1/19/2019,224.52,220.05
CAR-HML-059,Carbon Creek,Normal,Female,Home and lifestyle,93.12,8,37.25,782.21,2/7/2019,744.96,707.47
CAR-CLO-047,Carbon Creek,Member,Male,Clothing,51.34,8,20.54,431.26,1/31/2019,410.72,391.43
CAR-FBV-052,Carbon Creek,Member,Female,Food and beverages,99.6,3,14.94,313.74,2/25/2019,298.8,288.24
OLI-ELE-050,Olinger,Normal,Female,Electronics,35.49,6,10.65,223.59,2/2/2019,212.94,204.16
OLI-STR-043,Olinger,Member,Male,Sports and travel,42.85,1,2.14,44.99,3/14/2019,42.85,41.93
CAR-CLO-048,Carbon Creek,Normal,Female,Clothing,94.67,4,18.93,397.61,3/11/2019,378.68,362.72
GRC-HML-043,Greene City,Normal,Male,Home and lifestyle,68.97,3,10.35,217.26,2/22/2019,206.91,200.65
GRC-ELE-048,Greene City,Member,Female,Electronics,26.26,3,3.94,82.72,3/2/2019,78.78,77.07
OLI-HML-041,Olinger,Member,Female,Home and lifestyle,35.79,9,16.11,338.22,3/10/2019,322.11,315.57
GRC-HML-044,Greene City,Normal,Female,Home and lifestyle,16.37,6,4.91,103.13,2/8/2019,98.22,94.5
OLI-HML-042,Olinger,Member,Female,Home and lifestyle,12.73,2,1.27,26.73,2/22/2019,25.46,24.57
OLI-STR-044,Olinger,Normal,Female,Sports and travel,83.14,7,29.1,611.08,1/10/2019,581.98,569.84
OLI-STR-045,Olinger,Member,Female,Sports and travel,35.22,6,10.57,221.89,3/14/2019,211.32,203.65
GRC-ELE-049,Greene City,Normal,Female,Electronics,13.78,4,2.76,57.88,1/10/2019,55.12,53.8
GRC-STR-060,Greene City,Member,Male,Sports and travel,88.31,1,4.42,92.73,2/15/2019,88.31,85.54
CAR-HBE-042,Carbon Creek,Member,Female,Health and beauty,39.62,9,17.83,374.41,1/13/2019,356.58,345.88
GRC-ELE-050,Greene City,Normal,Female,Electronics,88.25,9,39.71,833.96,2/15/2019,794.25,765.11
GRC-STR-061,Greene City,Normal,Male,Sports and travel,25.31,2,2.53,53.15,3/2/2019,50.62,48.6
GRC-HML-045,Greene City,Normal,Male,Home and lifestyle,99.92,6,29.98,629.5,3/24/2019,599.52,570.19
OLI-CLO-061,Olinger,Member,Female,Clothing,83.35,2,8.34,175.04,2/2/2019,166.7,159.88
CAR-FBV-053,Carbon Creek,Normal,Female,Food and beverages,74.44,10,37.22,781.62,2/27/2019,744.4,729.03
OLI-HBE-048,Olinger,Normal,Male,Health and beauty,64.08,7,22.43,470.99,1/20/2019,448.56,427.34
GRC-HML-046,Greene City,Normal,Female,Home and lifestyle,63.15,6,18.95,397.85,1/3/2019,378.9,370.54
OLI-HML-043,Olinger,Member,Male,Home and lifestyle,85.72,3,12.86,270.02,1/24/2019,257.16,251.46
OLI-HBE-049,Olinger,Normal,Female,Health and beauty,78.89,7,27.61,579.84,1/5/2019,552.23,541.27
CAR-STR-058,Carbon Creek,Normal,Female,Sports and travel,89.48,5,22.37,469.77,3/30/2019,447.4,425.98
CAR-HBE-043,Carbon Creek,Member,Female,Health and beauty,92.09,3,13.81,290.08,2/17/2019,276.27,264.85
OLI-FBV-063,Olinger,Normal,Female,Food and beverages,57.29,6,17.19,360.93,3/21/2019,343.74,332.52
CAR-FBV-054,Carbon Creek,Normal,Male,Food and beverages,66.52,,13.3,279.38,3/2/2019,266.08,256.98
OLI-CLO-062,Olinger,Member,Male,Clothing,99.82,9,44.92,943.3,3/27/2019,898.38,859.71
CAR-HML-060,Carbon Creek,Normal,Female,Home and lifestyle,45.68,10,22.84,479.64,1/19/2019,456.8,441.92
CAR-HBE-044,Carbon Creek,Normal,Male,Health and beauty,50.79,5,12.7,266.65,2/19/2019,253.95,241.32
CAR-HBE-045,Carbon Creek,Member,Male,Health and beauty,10.08,7,3.53,74.09,3/28/2019,70.56,68.38
CAR-ELE-058,Carbon Creek,Normal,Female,Electronics,93.88,7,32.86,690.02,1/5/2019,657.16,631.13
OLI-ELE-051,Olinger,Member,Male,Electronics,84.25,2,8.43,176.93,3/26/2019,168.5,159.87
GRC-CLO-059,Greene City,Member,Male,Clothing,53.78,1,2.69,56.47,2/3/2019,53.78,52.04
OLI-HML-044,Olinger,Member,Male,Home and lifestyle,35.81,5,8.95,188,2/6/2019,179.05,174.33
GRC-FBV-045,Greene City,Normal,Female,Food and beverages,26.43,8,10.57,222.01,2/24/2019,211.44,206.83
GRC-HBE-049,Greene City,Member,Male,Health and beauty,39.91,3,5.99,125.72,2/21/2019,119.73,114.28
GRC-HML-047,Greene City,Member,Female,Home and lifestyle,21.9,3,3.29,68.99,1/9/2019,65.7,64.19
GRC-FBV-046,Greene City,Member,Female,Food and beverages,62.85,4,12.57,263.97,2/25/2019,251.4,244.49
OLI-FBV-064,Olinger,Member,Female,Food and beverages,21.04,4,4.21,88.37,1/13/2019,84.16,80.13
GRC-HML-048,Greene City,Member,Male,Home and lifestyle,65.91,6,19.77,415.23,2/9/2019,395.46,383.57
CAR-CLO-049,Carbon Creek,Normal,Female,Clothing,42.57,7,14.9,312.89,1/6/2019,297.99,286.23
OLI-FBV-065,Olinger,Member,Male,Food and beverages,50.49,9,22.72,477.13,1/10/2019,454.41,443.63
GRC-ELE-051,Greene City,Normal,Male,Electronics,46.02,6,13.81,289.93,2/7/2019,276.12,267.45
OLI-HML-045,Olinger,Normal,Female,Home and lifestyle,15.8,10,7.9,165.9,1/9/2019,158,153.53
CAR-FBV-055,Carbon Creek,Member,Female,Food and beverages,98.66,9,44.4,932.34,2/19/2019,887.94,852.84
OLI-CLO-063,Olinger,Member,Male,Clothing,91.98,1,4.6,96.58,3/18/2019,91.98,86.89
CAR-ELE-059,Carbon Creek,Member,Male,Electronics,20.89,2,2.09,43.87,2/5/2019,41.78,39.78
CAR-CLO-050,Carbon Creek,Normal,Female,Clothing,15.5,1,0.78,16.28,3/19/2019,15.5,15.09
OLI-ELE-052,Olinger,Member,Male,Electronics,96.82,3,14.52,304.98,3/30/2019,290.46,281.09
GRC-FBV-047,Greene City,Normal,Male,Food and beverages,33.33,2,3.33,69.99,1/26/2019,66.66,64.31
GRC-ELE-052,Greene City,Normal,Female,Electronics,38.27,2,3.83,80.37,3/2/2019,76.54,72.93
CAR-HML-061,Carbon Creek,Normal,Female,Home and lifestyle,33.3,9,14.99,314.69,3/4/2019,299.7,291.7
CAR-HML-062,Carbon Creek,Member,Male,Home and lifestyle,81.01,3,12.15,255.18,1/13/2019,243.03,238.24
CAR-HBE-046,Carbon Creek,Normal,Female,Health and beauty,15.8,3,2.37,49.77,3/25/2019,47.4,45.28
GRC-ELE-053,Greene City,Member,Female,Electronics,34.49,5,8.62,181.07,3/11/2019,172.45,166.04
GRC-FBV-048,Greene City,Member,Female,Food and beverages,84.63,10,42.32,888.62,1/1/2019,846.3,827.02
GRC-HML-049,Greene City,Member,Male,Home and lifestyle,36.91,7,12.92,271.29,2/10/2019,258.37,252.1
GRC-ELE-054,Greene City,Normal,Male,Electronics,87.08,7,30.48,640.04,1/26/2019,609.56,589.02
CAR-HML-063,Carbon Creek,Normal,Male,Home and lifestyle,80.08,3,12.01,252.25,2/11/2019,240.24,233.04
OLI-CLO-064,Olinger,Normal,Male,Clothing,86.13,2,8.61,180.87,2/7/2019,172.26,163.27
GRC-CLO-060,Greene City,Member,Male,Clothing,49.92,2,4.99,104.83,3/6/2019,99.84,96.48
CAR-FBV-056,Carbon Creek,Normal,Female,Food and beverages,74.66,4,14.93,313.57,3/4/2019,298.64,289.23
GRC-FBV-049,Greene City,Member,Male,Food and beverages,26.6,6,7.98,167.58,2/26/2019,159.6,150.91
GRC-ELE-055,Greene City,Normal,Female,Electronics,25.45,1,1.27,26.72,3/10/2019,25.45,24.9
GRC-FBV-050,Greene City,Normal,Female,Food and beverages,67.77,1,3.39,71.16,2/4/2019,67.77,65.31
OLI-FBV-066,Olinger,Member,Male,Food and beverages,59.59,4,11.92,250.28,1/19/2019,238.36,231.48
CAR-HBE-047,Carbon Creek,Normal,Male,Health and beauty,58.15,4,11.63,244.23,1/23/2019,232.6,222.68
CAR-STR-059,Carbon Creek,Member,Female,Sports and travel,97.48,9,43.87,921.19,3/14/2019,877.32,858.61
OLI-HBE-050,Olinger,Normal,Male,Health and beauty,99.96,7,34.99,734.71,1/23/2019,699.72,664.59
OLI-ELE-053,Olinger,Normal,Male,Electronics,96.37,7,33.73,708.32,1/9/2019,674.59,659.55
GRC-CLO-061,Greene City,Normal,Female,Clothing,63.71,5,15.93,334.48,2/7/2019,318.55,303.68
GRC-HBE-050,Greene City,Normal,Female,Health and beauty,14.76,2,1.48,31,2/18/2019,29.52,28.38
GRC-HBE-051,Greene City,Member,Male,Health and beauty,62,8,24.8,520.8,1/3/2019,496,482.89
OLI-ELE-054,Olinger,Member,Male,Electronics,82.34,10,41.17,864.57,3/29/2019,823.4,783.06
GRC-HBE-052,Greene City,Member,Male,Health and beauty,75.37,8,30.15,633.11,1/28/2019,602.96,571.52
CAR-FBV-057,Carbon Creek,Normal,Female,Food and beverages,56.56,5,14.14,296.94,3/22/2019,282.8,270.72
GRC-STR-062,Greene City,Normal,Female,Sports and travel,76.6,10,38.3,804.3,1/24/2019,766,728.39
CAR-ELE-060,Carbon Creek,Normal,Male,Electronics,58.03,2,5.8,121.86,3/10/2019,,
GRC-CLO-062,Greene City,Normal,Male,Clothing,17.49,10,8.75,183.65,2/22/2019,174.9,169.02
OLI-ELE-055,Olinger,Member,Female,Electronics,60.95,1,3.05,64,2/18/2019,60.95,58.41
OLI-HBE-051,Olinger,Normal,Male,Health and beauty,40.35,1,2.02,42.37,1/29/2019,40.35,38.71
GRC-HML-050,Greene City,Normal,Female,Home and lifestyle,97.38,10,48.69,1022.49,3/2/2019,973.8,922.95
CAR-FBV-058,Carbon Creek,Member,Male,Food and beverages,31.84,1,1.59,33.43,2/9/2019,31.84,30.39
CAR-HML-064,Carbon Creek,Normal,Male,Home and lifestyle,65.82,1,3.29,69.11,2/22/2019,65.82,64.37
CAR-CLO-051,Carbon Creek,Member,Female,Clothing,88.34,7,30.92,649.3,2/18/2019,618.38,594.5
